s,i,w
63807,166263,9
63807,154109,3
63807,44855,3
63807,25517,5
63807,24995,3
63807,24036,3
63807,23691,3
63807,22967,4
63807,22881,3
63807,22338,3
63807,21288,5
63807,20371,3
63807,19036,3
63807,17606,3
63807,17481,5
63807,15625,3
63807,15276,5
63807,14479,6
63807,14345,4
63807,14138,3
63807,12562,35
63807,12236,6
63807,11040,4
63807,10334,7
10863,157694,15
10863,155137,14
10863,154599,4
10863,29571,5
10863,27187,12
10863,26518,4
10863,25532,3
10863,25260,4
10863,23825,6
10863,23275,6
10863,22731,5
10863,17497,4
10863,17170,4
10863,13109,22
10863,11040,10
10863,10510,3
10863,10366,10
11230,157694,7
11230,155137,4
11230,154219,6
11230,29571,4
11230,23825,8
11230,23709,3
11230,23208,6
11230,22731,13
11230,21396,8
11230,19653,6
11230,17497,15
11230,17170,3
11230,13377,12
11230,13353,4
11230,13220,3
11230,13109,37
11230,11040,13
11230,10366,14
11230,10073,13
11705,24995,6
11705,23208,17
11705,22666,8
11705,21703,4
11705,21164,6
11705,20149,4
11705,20027,5
11705,19653,3
11705,18164,5
11705,13381,3
11705,13377,15
11705,13353,12
11705,13220,6
11705,13109,5
11705,11040,20
11705,10366,22
11705,10132,5
11705,10073,33
11773,171422,3
11773,154599,6
11773,29571,4
11773,26518,4
11773,24036,4
11773,23208,4
11773,22666,6
11773,22301,8
11773,21251,4
11773,20027,3
11773,19653,3
11773,19310,5
11773,18895,4
11773,16606,5
11773,15945,4
11773,15276,19
11773,14345,3
11773,13872,8
11773,13377,7
11773,13353,6
11773,12562,15
11773,12236,5
11773,11702,3
11773,11040,27
11773,10510,8
11773,10366,18
11773,10073,21
12081,23709,3
12081,23548,5
12081,23434,3
12081,22705,4
12081,22080,4
12081,21455,3
12081,21418,3
12081,21164,3
12081,20677,7
12081,20027,5
12081,19310,3
12081,19303,6
12081,19036,16
12081,18164,5
12081,17481,8
12081,17108,4
12081,16070,5
12081,15565,8
12081,13872,4
12081,13377,3
12081,13126,3
12081,12906,7
12081,12821,3
12081,12656,4
12081,12562,34
12081,12236,4
12081,11040,15
12081,10510,4
12081,10366,10
12081,10132,3
12081,10073,20
12297,172682,6
12297,159325,10
12297,159160,3
12297,155337,3
12297,28331,3
12297,26053,5
12297,25259,7
12297,24512,4
12297,24483,3
12297,23709,4
12297,23475,15
12297,23275,6
12297,22731,4
12297,22641,15
12297,22406,19
12297,22301,8
12297,21713,5
12297,21573,7
12297,21455,4
12297,21396,15
12297,21088,5
12297,20573,3
12297,19884,4
12297,19817,8
12297,19553,10
12297,18490,5
12297,17589,6
12297,16214,10
12297,15910,4
12297,13350,9
12297,13109,31
12355,166320,3
12355,155137,3
12355,29591,5
12355,29571,6
12355,27891,6
12355,27187,32
12355,26518,8
12355,26137,3
12355,25260,3
12355,24539,8
12355,24356,3
12355,23275,3
12355,19653,4
12355,17170,4
12355,16440,3
12355,14479,10
12355,14182,4
12355,13587,8
12355,13381,3
12355,13109,7
12355,12236,10
12355,11040,23
12355,10667,9
12355,10510,9
12355,10366,3
12664,156948,6
12664,154599,5
12664,27042,6
12664,26518,3
12664,25244,4
12664,24356,3
12664,22705,3
12664,22666,16
12664,22301,6
12664,22080,4
12664,20149,4
12664,20027,4
12664,19303,3
12664,19036,5
12664,18164,10
12664,17768,6
12664,15276,5
12664,14479,5
12664,14345,3
12664,13872,7
12664,13220,3
12664,13126,3
12664,12842,3
12664,12562,21
12664,12236,10
12664,11040,26
12664,10510,16
12664,10366,4
12664,10132,6
12664,10073,6
12781,156948,4
12781,24763,5
12781,21703,9
12781,21455,3
12781,20677,9
12781,20388,3
12781,19589,3
12781,19303,5
12781,19036,4
12781,18895,7
12781,18164,3
12781,18063,7
12781,17481,13
12781,16070,4
12781,15625,7
12781,14403,14
12781,13872,6
12781,13496,4
12781,13381,5
12781,12840,9
12781,12656,5
12781,12591,10
12781,12562,30
12781,12236,27
12781,11702,4
12781,11040,9
12781,10073,6
13097,163396,4
13097,159210,4
13097,159160,3
13097,156404,4
13097,154709,5
13097,152816,10
13097,101335,5
13097,100541,3
13097,29384,3
13097,28331,11
13097,25017,8
13097,24512,8
13097,21873,6
13097,21623,5
13097,21396,8
13097,21088,4
13097,20730,5
13097,19884,4
13097,19817,12
13097,19780,3
13097,19553,13
13097,17811,4
13097,17589,4
13097,17078,8
13097,16455,18
13097,16240,12
13097,16214,9
13097,15900,5
13097,15600,5
13097,15307,5
13097,14743,3
13097,13895,3
13097,13305,6
13097,13094,4
13097,11700,5
13391,43933,4
13391,30443,7
13391,30239,3
13391,25744,8
13391,25158,6
13391,24221,9
13391,23969,6
13391,20913,4
13391,20670,8
13391,19935,7
13391,19688,5
13391,18872,5
13391,18666,4
13391,18513,7
13391,17723,5
13391,16454,12
13391,15440,6
13391,15207,3
13391,14377,4
13391,12858,3
13391,11182,4
13961,163396,3
13961,159210,12
13961,24045,3
13961,23475,8
13961,23275,3
13961,22731,3
13961,22641,10
13961,22406,13
13961,21713,6
13961,19817,11
13961,19688,4
13961,19553,8
13961,17943,3
13961,17589,4
13961,16826,3
13961,16214,9
13961,15600,3
13961,14261,3
13961,13503,3
13961,13350,6
13961,13290,3
14414,166320,6
14414,154599,6
14414,101336,10
14414,27891,6
14414,27187,27
14414,26518,3
14414,25532,3
14414,24539,4
14414,24153,7
14414,22967,14
14414,22338,5
14414,21288,6
14414,17768,4
14414,16440,8
14414,14479,17
14414,14182,8
14414,13587,3
14414,12562,5
14414,12236,6
14414,11702,5
14414,11040,46
14414,10667,8
14414,10510,6
14490,28262,7
14490,22705,12
14490,19310,4
14490,16606,5
14490,14639,4
14490,14448,12
14490,13872,7
14490,13587,5
14490,13497,4
14490,13381,6
14490,13353,3
14490,11040,23
14490,10366,4
14490,10132,27
14490,10073,3
14831,159325,5
14831,155137,16
14831,153509,8
14831,28122,3
14831,27187,9
14831,24740,4
14831,24729,6
14831,24539,14
14831,24045,3
14831,23673,4
14831,23475,3
14831,23275,7
14831,21573,9
14831,21172,4
14831,19884,6
14831,17943,3
14831,17814,4
14831,16152,5
14831,16025,18
14831,13290,10
14831,13109,10
14921,153509,15
14921,43933,3
14921,41002,5
14921,30443,3
14921,28122,4
14921,27187,8
14921,25744,4
14921,25158,5
14921,24221,16
14921,23969,9
14921,23673,3
14921,22766,3
14921,20770,3
14921,20670,9
14921,19935,7
14921,19688,5
14921,18872,4
14921,18513,3
14921,17943,4
14921,17811,4
14921,17723,13
14921,16700,4
14921,16454,3
14921,16152,4
14921,16025,3
14921,15207,4
14921,14377,3
14921,14345,5
14921,13290,5
14921,12573,3
14921,12112,5
14921,11917,3
14921,11138,3
14968,166320,6
14968,154599,10
14968,27187,35
14968,24763,3
14968,24740,3
14968,24036,8
14968,19884,3
14968,16085,4
14968,14479,7
14968,13587,13
14968,13496,6
14968,13381,5
14968,13353,3
14968,12236,3
14968,11040,14
14968,10667,3
14968,10510,10
14969,166263,9
14969,162396,4
14969,25770,6
14969,24995,5
14969,24036,6
14969,23577,4
14969,22666,3
14969,22338,4
14969,21288,8
14969,21099,4
14969,20371,6
14969,19303,13
14969,19036,5
14969,18895,3
14969,18164,4
14969,17768,4
14969,14479,7
14969,14345,6
14969,13126,4
14969,12821,4
14969,12562,43
14969,12236,14
14969,11040,5
15427,33421186597,4
15427,171422,28
15427,157963,23
15427,156686,3
15427,155137,4
15427,102677,24
15427,42067,5
15427,28719,3
15427,28106,3
15427,25017,3
15427,23275,3
15427,22705,11
15427,22660,7
15427,21960,16
15427,21644,4
15427,20371,3
15427,20143,4
15427,19310,3
15427,19026,8
15427,18786,3
15427,18499,6
15427,17822,6
15427,16423,7
15427,16255,7
15427,15945,20
15427,14448,21
15427,14295,12
15427,13872,6
15427,13667,4
15427,13552,4
15427,13220,19
15427,13109,9
15427,13026,16
15427,12906,27
15427,12840,12
15427,12591,8
15427,12236,23
15427,11040,10
15427,10177,6
15714,171422,34
15714,164554,3
15714,159065,5
15714,157694,3
15714,156686,4
15714,155137,6
15714,152857,5
15714,28262,3
15714,25532,3
15714,25260,4
15714,24740,3
15714,23825,4
15714,23208,5
15714,22705,14
15714,22080,5
15714,21455,3
15714,20388,3
15714,19653,3
15714,19310,4
15714,18247,16
15714,17497,10
15714,17170,7
15714,17108,6
15714,14971,4
15714,14524,6
15714,14295,6
15714,13678,4
15714,13587,5
15714,13381,5
15714,13377,4
15714,13353,4
15714,13220,24
15714,13109,23
15714,13026,14
15714,12906,17
15714,12842,3
15714,12840,12
15714,12562,3
15714,11344,3
15714,11040,31
15714,10366,5
15714,10132,27
15714,10073,11
15790,166420,3
15790,158132,4
15790,35564,6
15790,35511,4
15790,33631,3
15790,30443,7
15790,28122,4
15790,27187,7
15790,27092,6
15790,24221,9
15790,24112,6
15790,23969,6
15790,23589,6
15790,20863,3
15790,20670,3
15790,20348,3
15790,19935,10
15790,19688,8
15790,18872,8
15790,18513,4
15790,17943,6
15790,17606,3
15790,16454,6
15790,16025,12
15790,15207,4
15790,14377,6
15790,14345,4
15790,14254,7
15790,13126,4
15790,12573,8
15790,12112,3
15790,11182,3
15886,159325,4
15886,158788,3
15886,155337,4
15886,155137,8
15886,153509,5
15886,27966,3
15886,27187,15
15886,27092,5
15886,26372,4
15886,25017,4
15886,24539,18
15886,23673,8
15886,23475,5
15886,23275,3
15886,22881,6
15886,20348,3
15886,20175,6
15886,19688,4
15886,18514,7
15886,16826,7
15886,16152,3
15886,16025,28
15886,14250,3
15886,14182,4
15886,13496,4
15886,13290,15
15886,13109,5
16061,166420,3
16061,43240,16
16061,24363,3
16061,23534,6
16061,23208,7
16061,21503,9
16061,21240,3
16061,18899,30
16061,18786,6
16061,16686,26
16061,16423,26
16061,14448,4
16061,13915,5
16061,13552,8
16061,13456,3
16688,157694,3
16688,102678,14
16688,29571,9
16688,28262,3
16688,23928,5
16688,23825,4
16688,22731,8
16688,21455,4
16688,21396,8
16688,19653,5
16688,17497,4
16688,17170,6
16688,13109,12
16688,11040,17
16688,10132,3
16863,162396,5
16863,154599,3
16863,152548,3
16863,101336,7
16863,24763,6
16863,21172,4
16863,19303,3
16863,14479,26
16863,13587,5
16863,12562,6
16863,12236,5
16863,11040,27
16863,10667,7
16863,10510,3
16863,10366,5
17012,172682,3
17012,25241,4
17012,24740,9
17012,24512,9
17012,23709,11
17012,23475,8
17012,23275,5
17012,22641,8
17012,22406,10
17012,21455,8
17012,21396,26
17012,19884,3
17012,19817,11
17012,19553,11
17012,19157,4
17012,16025,4
17012,15910,5
17012,13350,7
17012,13109,39
17012,12562,3
17313,162396,3
17313,154599,12
17313,152548,3
17313,101336,11
17313,25532,3
17313,24995,3
17313,24036,6
17313,23577,6
17313,22967,4
17313,21288,5
17313,21099,4
17313,20371,4
17313,19303,8
17313,17768,6
17313,14479,9
17313,14345,4
17313,14182,4
17313,12562,24
17313,12236,15
17313,11040,33
17313,10510,8
17313,10366,5
17784,166263,6
17784,162396,5
17784,26819,3
17784,24036,5
17784,23577,4
17784,22338,7
17784,21288,5
17784,21099,5
17784,20371,12
17784,19303,10
17784,19036,3
17784,18895,3
17784,17768,6
17784,17481,4
17784,17191,3
17784,17108,6
17784,16070,3
17784,14479,16
17784,14345,5
17784,13872,3
17784,13126,3
17784,12821,3
17784,12562,38
17784,12236,11
17784,11040,20
17821,24036,4
17821,22955,3
17821,20371,4
17821,19310,10
17821,19303,5
17821,18899,3
17821,16686,4
17821,16606,3
17821,16070,5
17821,15625,3
17821,14448,6
17821,14295,5
17821,13872,6
17821,13552,3
17821,13496,4
17821,13456,3
17821,13126,6
17821,13028,4
17821,12591,6
17821,12562,25
17821,12236,7
17821,10132,3
17870,168448,6
17870,159210,6
17870,159160,4
17870,156404,3
17870,154709,3
17870,152816,6
17870,35750,4
17870,29384,4
17870,28331,7
17870,25744,4
17870,24512,3
17870,22766,3
17870,21873,3
17870,21623,4
17870,21088,3
17870,20913,3
17870,20770,3
17870,20730,3
17870,20003,3
17870,19553,5
17870,18666,11
17870,18583,8
17870,17811,4
17870,17148,6
17870,17111,5
17870,15307,3
17870,15194,3
17870,14377,4
17870,14345,3
17870,13126,3
17870,12112,7
17870,11182,7
18166,166320,7
18166,154599,14
18166,101336,7
18166,27891,6
18166,27187,34
18166,24539,6
18166,24153,3
18166,24036,4
18166,23577,3
18166,23275,5
18166,22338,3
18166,21288,4
18166,16440,6
18166,14479,5
18166,14345,5
18166,14182,5
18166,13587,8
18166,11702,4
18166,11040,24
18166,10667,5
18166,10510,12
18453,166420,4
18453,159326,9
18453,156274,15
18453,152815,4
18453,35564,3
18453,25744,5
18453,25173,10
18453,25126,14
18453,23534,9
18453,22766,12
18453,21960,4
18453,20913,4
18453,20770,9
18453,20676,3
18453,19885,24
18453,19817,5
18453,19780,3
18453,19559,12
18453,19441,6
18453,19039,9
18453,19026,5
18453,18786,6
18453,18666,10
18453,17811,11
18453,17527,5
18453,16255,4
18453,15307,3
18453,11182,5
18609,43240,6
18609,23589,3
18609,21503,11
18609,20519,3
18609,18899,10
18609,18063,3
18609,16686,13
18609,16423,7
18609,15625,8
18609,13915,20
18609,13872,5
18609,13552,19
18609,13456,11
18609,12591,7
18609,12562,21
18609,12236,4
18609,11702,8
18609,11563,3
18718,162396,4
18718,28106,3
18718,26819,5
18718,25532,3
18718,24995,3
18718,24036,3
18718,22967,7
18718,20371,4
18718,19310,17
18718,19303,9
18718,17481,3
18718,16606,5
18718,14479,12
18718,14448,7
18718,14295,5
18718,13872,3
18718,13496,3
18718,12591,3
18718,12562,19
18718,12236,7
18718,11040,20
18718,10667,3
18718,10510,9
18718,10132,14
18956,166320,3
18956,166261,4
18956,153509,7
18956,35511,4
18956,33631,5
18956,30443,4
18956,28122,9
18956,27966,8
18956,27187,8
18956,25692,3
18956,24539,6
18956,24221,3
18956,23673,4
18956,21644,4
18956,20863,6
18956,20348,3
18956,20160,3
18956,19688,3
18956,18514,5
18956,17943,8
18956,16826,5
18956,16630,4
18956,16152,7
18956,16025,29
18956,14479,4
18956,13290,17
18956,12573,3
18956,10322,3
19527,171422,11
19527,159065,9
19527,155137,5
19527,154599,3
19527,29591,3
19527,28469,3
19527,27187,8
19527,24763,17
19527,24740,3
19527,24729,3
19527,23275,4
19527,22705,3
19527,21455,3
19527,21172,4
19527,20388,3
19527,19310,7
19527,19303,4
19527,17768,5
19527,17170,7
19527,17108,6
19527,15945,5
19527,14403,5
19527,14295,8
19527,14182,3
19527,13691,7
19527,13678,3
19527,13587,12
19527,13497,5
19527,13381,11
19527,13220,16
19527,13109,3
19527,13026,9
19527,12906,11
19527,12842,3
19527,12840,4
19527,12562,6
19527,11040,93
19527,10667,12
19527,10132,12
19527,10073,5
19545,172560,6
19545,166420,9
19545,154600,5
19545,43240,4
19545,41002,3
19545,35564,5
19545,29397,4
19545,28701,5
19545,28038,3
19545,25676,3
19545,25478,12
19545,24363,11
19545,24321,10
19545,24112,3
19545,23738,4
19545,21503,6
19545,20770,4
19545,19935,8
19545,18872,3
19545,18677,3
19545,18513,3
19545,15207,3
19545,14584,5
19545,14345,4
19545,14254,11
19545,14250,3
19545,13779,4
19545,11702,5
19545,11182,14
19545,11040,4
19747,102677,4
19747,43240,11
19747,22019,3
19747,21503,15
19747,21049,4
19747,20371,11
19747,18899,12
19747,18091,4
19747,16686,10
19747,16423,10
19747,15625,19
19747,14345,3
19747,13915,16
19747,13691,3
19747,13552,7
19747,13456,15
19747,12591,3
19747,12562,20
19747,11702,8
20043,154599,7
20043,101336,3
20043,27187,16
20043,24153,3
20043,23577,7
20043,22967,5
20043,21288,5
20043,14479,12
20043,13587,4
20043,11040,30
20043,10667,7
21037,194549,3
21037,172560,3
21037,166263,3
21037,154109,4
21037,101436,4
21037,43240,4
21037,25517,4
21037,24995,4
21037,22666,5
21037,20371,14
21037,19310,6
21037,19303,14
21037,18899,6
21037,18499,4
21037,18188,5
21037,18091,3
21037,18063,8
21037,17481,4
21037,16606,7
21037,16070,3
21037,15625,6
21037,14639,3
21037,14479,7
21037,14345,10
21037,13915,8
21037,13872,8
21037,13456,10
21037,12591,3
21037,12562,28
21037,12236,9
21037,10451,3
21037,10334,8
21037,10132,3
21308,33421186597,3
21308,157963,3
21308,157694,3
21308,155137,3
21308,154599,3
21308,101336,10
21308,28719,5
21308,28469,3
21308,27187,15
21308,25517,3
21308,24740,5
21308,24425,7
21308,24056,5
21308,24036,3
21308,23954,4
21308,23275,4
21308,22967,7
21308,21960,3
21308,21288,3
21308,20839,10
21308,20371,6
21308,19589,3
21308,19310,9
21308,19303,25
21308,18499,12
21308,18232,3
21308,18091,5
21308,17768,25
21308,16440,33
21308,14479,5
21308,14448,4
21308,14403,33
21308,14295,9
21308,14138,8
21308,13587,24
21308,13497,6
21308,13496,6
21308,13381,3
21308,13353,14
21308,13084,3
21308,13028,3
21308,13026,5
21308,12591,9
21308,12236,12
21308,11617,3
21308,11224,14
21308,11040,40
21308,10667,19
21308,10334,3
21308,10132,7
21395,172560,9
21395,166261,4
21395,158479,6
21395,158132,7
21395,157188,6
21395,68570,6
21395,41002,3
21395,30443,3
21395,28238,3
21395,28122,6
21395,27560,9
21395,26231,11
21395,24321,3
21395,24112,6
21395,23738,5
21395,23673,3
21395,23482,9
21395,22766,4
21395,20863,4
21395,20348,3
21395,19688,18
21395,19449,6
21395,18513,4
21395,17943,3
21395,16826,9
21395,16025,12
21395,15207,4
21395,14254,3
21395,13290,4
21395,12573,10
21425,174427,30
21425,172560,6
21425,166420,11
21425,159326,14
21425,159246,3
21425,159210,3
21425,158788,6
21425,156274,4
21425,154600,9
21425,153509,15
21425,153224,3
21425,68570,4
21425,43240,10
21425,41002,4
21425,36986,10
21425,35564,12
21425,30443,3
21425,30239,4
21425,28469,3
21425,27092,7
21425,25744,6
21425,25158,3
21425,24729,4
21425,23969,3
21425,23589,27
21425,23482,5
21425,22766,16
21425,22469,4
21425,22019,8
21425,21713,6
21425,21503,10
21425,21240,11
21425,21049,3
21425,20839,10
21425,20770,5
21425,19780,4
21425,19688,9
21425,19026,4
21425,18666,5
21425,18544,3
21425,18091,8
21425,17943,8
21425,17811,3
21425,16826,7
21425,16686,4
21425,16630,5
21425,16240,4
21425,16214,4
21425,15900,3
21425,15307,7
21425,14410,4
21425,14403,10
21425,14250,9
21425,13779,12
21425,12889,59
21425,12845,3
21425,12573,8
21425,11917,37
21425,11040,4
21556,166420,10
21556,25173,4
21556,24664,3
21556,23709,3
21556,23534,11
21556,21627,3
21556,21240,4
21556,19885,26
21556,18786,17
21556,18583,4
21556,18283,5
21556,17822,4
21556,17148,4
21556,16686,5
21556,11182,36
21572,171422,4
21572,158132,6
21572,157188,4
21572,101336,9
21572,33512,3
21572,27891,4
21572,27187,7
21572,26372,3
21572,25517,4
21572,24425,7
21572,24036,3
21572,23954,8
21572,23482,3
21572,22967,31
21572,22338,6
21572,19303,18
21572,19036,8
21572,18499,3
21572,17768,7
21572,16440,20
21572,15276,3
21572,14479,3
21572,14403,14
21572,14182,3
21572,13496,6
21572,13026,4
21572,12591,3
21572,12562,4
21572,12236,3
21572,12130,3
21572,11040,56
21572,10667,29
21572,10510,5
21572,10451,7
21572,10334,3
21968,168448,11
21968,43933,4
21968,35750,4
21968,30443,6
21968,30239,3
21968,25744,4
21968,25158,3
21968,20913,3
21968,20670,9
21968,19885,4
21968,19780,3
21968,19449,3
21968,18872,3
21968,18666,3
21968,18583,4
21968,18513,10
21968,17723,4
21968,17111,4
21968,16454,9
21968,15440,7
21968,15207,3
21968,14377,6
21968,12112,7
21968,11917,4
21968,11182,4
23675,174427,5
23675,159160,4
23675,158788,4
23675,154600,5
23675,153509,10
23675,153224,11
23675,152816,6
23675,152815,4
23675,101335,3
23675,41002,9
23675,30239,9
23675,28122,5
23675,27092,7
23675,26504,3
23675,25744,4
23675,25692,4
23675,25241,3
23675,24729,5
23675,23738,3
23675,23275,6
23675,21573,3
23675,20770,4
23675,19884,6
23675,19688,3
23675,19615,5
23675,18719,5
23675,18666,4
23675,18514,16
23675,18513,5
23675,17943,3
23675,17631,3
23675,17589,5
23675,17170,5
23675,16826,8
23675,16630,9
23675,16423,6
23675,16240,9
23675,16214,4
23675,16152,11
23675,15600,4
23675,15307,19
23675,14410,5
23675,14403,4
23675,13616,3
23675,13290,7
23675,12889,43
23675,12562,4
23675,11917,4
23675,11040,5
23788,166263,4
23788,155137,5
23788,102678,3
23788,42067,3
23788,28719,13
23788,28469,4
23788,27187,9
23788,26819,5
23788,26372,5
23788,26137,3
23788,25517,9
23788,24740,8
23788,24729,3
23788,24425,4
23788,24036,3
23788,23007,3
23788,22967,9
23788,22705,10
23788,21960,6
23788,20839,11
23788,20371,17
23788,20253,4
23788,19884,4
23788,19310,7
23788,19303,26
23788,18899,7
23788,18499,10
23788,17768,35
23788,16440,26
23788,14448,5
23788,14410,5
23788,14403,13
23788,14295,9
23788,14138,9
23788,13872,6
23788,13587,18
23788,13497,6
23788,13496,3
23788,13381,6
23788,13377,3
23788,13353,14
23788,13028,3
23788,12591,17
23788,12562,4
23788,12236,16
23788,11617,5
23788,11224,6
23788,11040,26
23788,10667,11
23788,10334,3
23788,10132,19
23788,33421186597,5
24953,168448,4
24953,35750,6
24953,35564,4
24953,25744,4
24953,25173,5
24953,25158,3
24953,23534,3
24953,21240,4
24953,21049,5
24953,20730,3
24953,19885,12
24953,18899,3
24953,18786,13
24953,18583,4
24953,18283,5
24953,17822,4
24953,17148,4
24953,17111,9
24953,16255,4
24953,15945,5
24953,15440,6
24953,14254,3
24953,11182,20
25898,168448,10
25898,166420,14
25898,154709,3
25898,152815,3
25898,35750,6
25898,28038,4
25898,25744,8
25898,25126,4
25898,22766,3
25898,21088,3
25898,21049,3
25898,20770,5
25898,19885,7
25898,18786,3
25898,18666,5
25898,18583,7
25898,18283,3
25898,17148,7
25898,17111,9
25898,16255,4
25898,15440,4
25898,15194,3
25898,14377,5
25898,14016,3
25898,13126,3
25898,11917,3
25898,11182,11
27360,166420,20
27360,154600,7
27360,41002,4
27360,36986,7
27360,35564,4
27360,30239,3
27360,25478,18
27360,25173,7
27360,25158,11
27360,25126,7
27360,24363,6
27360,24321,3
27360,23534,3
27360,22766,4
27360,22019,4
27360,21503,3
27360,21049,6
27360,20670,4
27360,19039,3
27360,18719,3
27360,18513,4
27360,17822,3
27360,15207,8
27360,14410,10
27360,14254,5
27360,14250,3
27360,13779,7
27360,11917,4
27360,11702,6
27360,11182,9
27455,166420,3
27455,154600,4
27455,35750,7
27455,35564,7
27455,25744,4
27455,25478,11
27455,25173,5
27455,25158,3
27455,24321,3
27455,22019,5
27455,21240,5
27455,21049,4
27455,20770,3
27455,20730,5
27455,19935,3
27455,19885,9
27455,19039,8
27455,18786,5
27455,17822,5
27455,16700,4
27455,15945,3
27455,15440,5
27455,15207,6
27455,14410,6
27455,14254,3
27455,11702,5
27455,11182,18
27548,172560,9
27548,166263,4
27548,43240,11
27548,24363,6
27548,21503,7
27548,21049,3
27548,20839,5
27548,20371,14
27548,18188,10
27548,16512,3
27548,14479,8
27548,14345,4
27548,14138,3
27548,13456,6
27548,12591,3
27548,12562,8
27548,10451,3
28632,154861,8
28632,43240,9
28632,36986,6
28632,35750,3
28632,35564,4
28632,27273,4
28632,25478,27
28632,25173,4
28632,24363,6
28632,23534,5
28632,22019,6
28632,21503,10
28632,21240,5
28632,19885,14
28632,18899,11
28632,18786,17
28632,17606,4
28632,16686,6
28632,16602,3
28632,16423,4
28632,16255,3
28632,14410,18
28632,14254,9
28632,11182,19
28808,155137,4
28808,154599,4
28808,101336,5
28808,27891,11
28808,27187,41
28808,26518,6
28808,26372,3
28808,24763,5
28808,24740,3
28808,24539,15
28808,23275,8
28808,22967,3
28808,22338,3
28808,16440,11
28808,14479,14
28808,14182,4
28808,13587,15
28808,12236,5
28808,11702,3
28808,11040,23
28808,10667,11
28808,10510,4
28999,102678,4
28999,29571,6
28999,25532,7
28999,24763,3
28999,21455,6
28999,21172,3
28999,19653,5
28999,13587,7
28999,13109,8
28999,11040,7
28999,10510,4
30901,166420,5
30901,36986,4
30901,35564,5
30901,30239,3
30901,25478,12
30901,24664,3
30901,24363,5
30901,23534,8
30901,21240,5
30901,21049,5
30901,20143,3
30901,19885,9
30901,18899,6
30901,18786,22
30901,17822,4
30901,17111,5
30901,16255,12
30901,15945,3
30901,15207,4
30901,14410,3
30901,14254,3
30901,11182,23
31320,157281,3
31320,154861,4
31320,29571,4
31320,27429,3
31320,24995,7
31320,23709,13
31320,23434,10
31320,23208,11
31320,22705,8
31320,22080,6
31320,21703,9
31320,21455,8
31320,21418,4
31320,21208,4
31320,21164,8
31320,21064,3
31320,20677,5
31320,20388,5
31320,19653,6
31320,19589,3
31320,19036,8
31320,18164,8
31320,17508,5
31320,16606,8
31320,15276,3
31320,13872,3
31320,13678,3
31320,13377,9
31320,13353,3
31320,13220,4
31320,13126,5
31320,12840,7
31320,12656,10
31320,12562,14
31320,11040,27
31320,10366,28
31320,10132,6
31320,10073,36
32029,163396,7
32029,159160,5
32029,152815,3
32029,28331,3
32029,24483,5
32029,23475,8
32029,22406,17
32029,22301,7
32029,20730,9
32029,19817,26
32029,19553,21
32029,19039,5
32029,17589,12
32029,16455,3
32029,16214,10
32029,13350,4
32029,12858,4
32394,159326,3
32394,158788,3
32394,153509,3
32394,41002,6
32394,28122,5
32394,27966,3
32394,26372,3
32394,24729,4
32394,24221,6
32394,23673,8
32394,23475,3
32394,22641,7
32394,22406,3
32394,19935,4
32394,19688,7
32394,17943,10
32394,17589,4
32394,16826,11
32394,16630,5
32394,16214,8
32394,16152,6
32394,16025,20
32394,13290,3
32394,13126,3
32394,12562,3
32394,11182,7
32641,159325,8
32641,158788,3
32641,155137,18
32641,101336,3
32641,27187,6
32641,26053,8
32641,25241,9
32641,24539,8
32641,24512,3
32641,24483,3
32641,24045,7
32641,23475,7
32641,23275,13
32641,22641,8
32641,22406,14
32641,22301,5
32641,21713,5
32641,21573,5
32641,21396,8
32641,19653,3
32641,19615,4
32641,19553,3
32641,19157,3
32641,18490,9
32641,16214,4
32641,16152,4
32641,16025,16
32641,13587,5
32641,13496,13
32641,13350,10
32641,13109,23
36065,172560,5
36065,166261,5
36065,159326,3
36065,158132,5
36065,153509,7
36065,68570,4
36065,35511,3
36065,33631,4
36065,28122,4
36065,27560,3
36065,27187,3
36065,27092,4
36065,26231,7
36065,25676,5
36065,24221,8
36065,23738,5
36065,23589,3
36065,23482,8
36065,22881,3
36065,20863,3
36065,19935,8
36065,19688,20
36065,19449,3
36065,18513,7
36065,17943,9
36065,16826,7
36065,16770,10
36065,16025,27
36065,15207,3
36065,14377,6
36065,14254,3
36065,12573,4
36065,11702,5
100774,166261,5
100774,163396,10
100774,159210,6
100774,159160,5
100774,157652,3
100774,154709,5
100774,100541,4
100774,29384,5
100774,28331,5
100774,24221,5
100774,23969,4
100774,21873,6
100774,21623,3
100774,19884,3
100774,19817,3
100774,18513,3
100774,17078,3
100774,15900,4
100774,14377,3
100774,13290,3
100774,13126,5
100774,13094,3
100774,12112,3
176738,154599,6
176738,101336,3
176738,27187,4
176738,26518,5
176738,22967,6
176738,16440,4
176738,13496,3
176738,11040,20
176738,10667,5
176738,10510,10
176738,10451,4
176738,10334,9
15646,28719,3
15646,28106,6
15646,24763,3
15646,22705,3
15646,19310,6
15646,16606,7
15646,14479,3
15646,14448,12
15646,14295,7
15646,13497,3
15646,13496,4
15646,13377,4
15646,12842,5
15646,12562,17
15646,11040,12
15646,10510,4
15646,10366,8
15646,10132,19
15884,157694,6
15884,155137,3
15884,154219,5
15884,102678,10
15884,29591,7
15884,29571,9
15884,27187,11
15884,26053,7
15884,25532,4
15884,23709,4
15884,23275,5
15884,23128,3
15884,21172,3
15884,17497,9
15884,17170,4
15884,13587,8
15884,13496,3
15884,12236,3
15884,11040,5
20427,102678,22
20427,23928,10
20427,23825,3
20427,22043,5
20427,21455,14
20427,21208,3
20427,20375,7
20427,19653,5
20427,18490,3
20427,17497,3
20427,17170,4
20427,13678,6
20427,13587,5
20427,13497,6
20427,13381,9
20427,13377,3
20427,13353,3
20427,13220,8
20427,13109,11
20427,11040,17
20427,10366,3
20427,10132,12
21924,102678,19
21924,29591,3
21924,27187,3
21924,25532,4
21924,24763,3
21924,23928,3
21924,23825,3
21924,23709,9
21924,23275,4
21924,23007,4
21924,22731,4
21924,21396,3
21924,21208,5
21924,20375,4
21924,19653,3
21924,17170,11
21924,13587,10
21924,13497,3
21924,13496,3
21924,13381,3
21924,13377,4
21924,13109,8
21924,11040,18
21924,10132,3
22102,157694,5
22102,102678,12
22102,31867,3
22102,29570,3
22102,25532,3
22102,23275,11
22102,23007,16
22102,21455,5
22102,21288,4
22102,19303,4
22102,17768,3
22102,17170,26
22102,13587,13
22102,13496,4
22102,13381,17
22102,13377,7
22102,13353,4
22102,13109,14
22102,11040,37
22248,157963,7
22248,155137,17
22248,27187,8
22248,23275,14
22248,22705,3
22248,21960,3
22248,21644,3
22248,21288,3
22248,21208,4
22248,19310,7
22248,19303,23
22248,18816,4
22248,17768,19
22248,17170,14
22248,14448,7
22248,14403,20
22248,14295,7
22248,14138,4
22248,13872,4
22248,13587,41
22248,13497,12
22248,13496,13
22248,13381,25
22248,13377,8
22248,13353,13
22248,13220,8
22248,13028,4
22248,13026,3
22248,12889,3
22248,12591,6
22248,12562,3
22248,12236,4
22248,11040,58
22248,10667,11
22248,10132,13
15607,172560,5
15607,166420,3
15607,28701,4
15607,28038,4
15607,25676,3
15607,25478,16
15607,25173,5
15607,24363,7
15607,22019,3
15607,21503,6
15607,21240,3
15607,19039,3
15607,18899,3
15607,18872,4
15607,14584,9
15607,14410,5
15607,14254,3
15607,13691,4
15607,11702,7
15607,11182,9
16645,156179,3
16645,154709,4
16645,152816,5
16645,152815,12
16645,100541,3
16645,24512,17
16645,21873,3
16645,21573,8
16645,21396,5
16645,20730,6
16645,20676,7
16645,19817,10
16645,19553,20
16645,17811,5
16645,17078,5
16645,16455,9
16645,16240,7
16645,16214,7
16645,15900,3
16645,15771,4
16645,15600,23
16645,15307,12
16645,13350,11
16645,13305,4
16645,13094,8
16645,12858,4
16645,11700,3
16645,10366,6
16927,163396,4
16927,159326,4
16927,156274,9
16927,152815,6
16927,28826,3
16927,25744,7
16927,24287,5
16927,22445,3
16927,21873,5
16927,20913,3
16927,20770,9
16927,20490,3
16927,19817,9
16927,19559,9
16927,19553,11
16927,18666,10
16927,17811,3
16927,17589,9
16927,16214,7
16927,15900,3
16927,15307,4
16927,13350,3
16927,13126,3
16927,12889,3
17402,43240,12
17402,36986,5
17402,22019,4
17402,21503,18
17402,21240,7
17402,18899,8
17402,18091,3
17402,18063,6
17402,16686,26
17402,16602,4
17402,16423,27
17402,15625,11
17402,13915,13
17402,13872,3
17402,13552,8
17402,13496,4
17402,13456,11
17402,13126,5
17402,12821,3
17402,12591,9
17402,12562,10
17402,11702,7
18634,166420,8
18634,159326,16
18634,159160,5
18634,156274,7
18634,36986,14
18634,25744,3
18634,25478,7
18634,25173,4
18634,25126,7
18634,23534,11
18634,22766,7
18634,21240,21
18634,21088,4
18634,20143,6
18634,19885,20
18634,19559,3
18634,19039,8
18634,19026,4
18634,18899,8
18634,18786,23
18634,18666,6
18634,18499,7
18634,18361,3
18634,17822,4
18634,17814,8
18634,17811,6
18634,17527,3
18634,15945,5
18634,15771,3
18634,15307,5
18634,15194,3
18634,14448,4
18634,12656,5
18634,12262,6
18634,11917,3
18634,11182,19
21061,166420,7
21061,157963,9
21061,43240,5
21061,36986,6
21061,23534,5
21061,22660,26
21061,22019,6
21061,21573,5
21061,21240,12
21061,20839,4
21061,18899,15
21061,18544,3
21061,18262,3
21061,18091,4
21061,17822,17
21061,16686,20
21061,16423,22
21061,16255,4
21061,15945,27
21061,14448,29
21061,13552,56
21061,12591,7
21061,12262,13
21061,10132,3
21087,174427,8
21087,166420,13
21087,159326,14
21087,159160,3
21087,157652,4
21087,156765,5
21087,156274,4
21087,102678,7
21087,36986,27
21087,35564,6
21087,30239,3
21087,25744,3
21087,25478,5
21087,25173,12
21087,25126,8
21087,23534,26
21087,22766,8
21087,21960,3
21087,21503,14
21087,21240,33
21087,20913,7
21087,20839,9
21087,20770,11
21087,20730,7
21087,20143,6
21087,19885,13
21087,19780,3
21087,19559,9
21087,19039,9
21087,19026,7
21087,18899,7
21087,18786,12
21087,18666,17
21087,18091,3
21087,17814,3
21087,17811,10
21087,17527,4
21087,16686,4
21087,16662,10
21087,16255,4
21087,15900,3
21087,15307,7
21087,14410,3
21087,14377,5
21087,12889,12
21087,12591,6
21087,12262,3
21087,11917,5
21087,11182,8
21234,157963,15
21234,22955,7
21234,22660,25
21234,21409,3
21234,18899,3
21234,17822,10
21234,17508,3
21234,16686,14
21234,16423,8
21234,15945,9
21234,14448,39
21234,14295,8
21234,13872,3
21234,11040,4
21234,10132,14
21857,163396,4
21857,159210,5
21857,159160,3
21857,155337,3
21857,152815,11
21857,101335,4
21857,100541,4
21857,29384,3
21857,25017,3
21857,24512,9
21857,21873,6
21857,21623,5
21857,21573,10
21857,21396,3
21857,21092,3
21857,21088,8
21857,20730,9
21857,20676,5
21857,20490,4
21857,19817,15
21857,19559,3
21857,19553,7
21857,17811,11
21857,17589,8
21857,17170,4
21857,16214,10
21857,15900,9
21857,15771,4
21857,15600,13
21857,15307,9
21857,15194,4
21857,13350,8
21857,13094,5
21857,10366,4
21953,174427,11
21953,166420,10
21953,159326,12
21953,159160,7
21953,158788,3
21953,156274,17
21953,154600,12
21953,153224,5
21953,152815,8
21953,41002,5
21953,36986,4
21953,30239,5
21953,28122,5
21953,27092,3
21953,25744,14
21953,24664,5
21953,23589,6
21953,22895,5
21953,22766,10
21953,22469,4
21953,21455,3
21953,21240,4
21953,20913,8
21953,20770,4
21953,20730,7
21953,19780,4
21953,19688,5
21953,19559,24
21953,19441,3
21953,19039,4
21953,18666,7
21953,18514,6
21953,17943,13
21953,17814,6
21953,17811,20
21953,17527,17
21953,16826,3
21953,16686,3
21953,16630,3
21953,16214,3
21953,16152,4
21953,15307,6
21953,14410,3
21953,14250,3
21953,12889,25
21953,12112,10
21953,11917,8
21953,11182,10
23296,29591,11
23296,29571,7
23296,27891,4
23296,27187,9
23296,24763,5
23296,24740,5
23296,24539,14
23296,23928,3
23296,23709,3
23296,22967,3
23296,17768,3
23296,17170,8
23296,14524,4
23296,14479,6
23296,13587,8
23296,11040,10
23296,10334,3
23611,172560,27
23611,159326,5
23611,158479,3
23611,157389,5
23611,154600,5
23611,28122,3
23611,27092,9
23611,25744,5
23611,25478,3
23611,24321,11
23611,24112,8
23611,23738,3
23611,21713,4
23611,20863,4
23611,20348,7
23611,19935,10
23611,19688,12
23611,19449,7
23611,16826,6
23611,16025,3
23611,14250,3
24717,162396,4
24717,155337,4
24717,154599,11
24717,101336,5
24717,29571,3
24717,27891,3
24717,27187,28
24717,24539,20
24717,24153,5
24717,23275,5
24717,22967,8
24717,22338,3
24717,16025,3
24717,14479,11
24717,14403,4
24717,13587,6
24717,12236,3
24717,11040,15
24717,10667,3
24717,10334,6
13275,166420,3
13275,154600,3
13275,43240,5
13275,36986,5
13275,35511,4
13275,30239,3
13275,28038,4
13275,25478,21
13275,25173,4
13275,25126,3
13275,24363,10
13275,23589,5
13275,23534,4
13275,22019,10
13275,21503,16
13275,21049,3
13275,19885,6
13275,18899,4
13275,16686,9
13275,16255,5
13275,14584,4
13275,14410,11
13275,14254,6
13275,11702,7
13275,11182,12
13890,43240,12
13890,35750,3
13890,35564,6
13890,28038,5
13890,25676,3
13890,25478,15
13890,25173,6
13890,25158,6
13890,24363,14
13890,24321,6
13890,23589,3
13890,22019,8
13890,21503,27
13890,21049,3
13890,19885,5
13890,19653,3
13890,18899,6
13890,16686,8
13890,16423,3
13890,16255,4
13890,14584,7
13890,14410,12
13890,14254,5
13890,11702,4
13890,11182,16
13890,11138,4
14162,166420,3
14162,154600,3
14162,41002,4
14162,35564,6
14162,35511,3
14162,33631,5
14162,27092,5
14162,25744,3
14162,25158,5
14162,24221,6
14162,23589,10
14162,20913,5
14162,20670,8
14162,18666,4
14162,18513,4
14162,17723,6
14162,16826,3
14162,16700,4
14162,16454,5
14162,15440,4
14162,15207,5
14162,14345,9
14162,14254,12
14162,13779,4
14162,11917,3
14162,11702,4
14817,159210,7
14817,159160,3
14817,158788,4
14817,28331,6
14817,28122,9
14817,27187,6
14817,25241,3
14817,24221,3
14817,23275,4
14817,19884,18
14817,18872,3
14817,18513,5
14817,17723,3
14817,16152,5
14817,16025,3
14817,15307,3
14817,13290,12
14817,13094,6
14817,12112,8
15437,163396,12
15437,159210,6
15437,159160,10
15437,158788,4
15437,155337,5
15437,155137,3
15437,100541,12
15437,24045,3
15437,21623,3
15437,20676,3
15437,20490,3
15437,19884,14
15437,17170,3
15437,17078,3
15437,16214,12
15437,16152,4
15437,15900,3
15437,15600,7
15437,15307,4
15437,13350,3
15437,13305,3
15437,13290,8
15437,13126,3
15437,13094,5
15437,12858,4
15973,102678,6
15973,28331,3
15973,25017,9
15973,24740,3
15973,24539,3
15973,24512,14
15973,24045,7
15973,23928,5
15973,23275,4
15973,22301,4
15973,21455,6
15973,21396,21
15973,21172,3
15973,19884,10
15973,19817,3
15973,19653,7
15973,19615,7
15973,19553,5
15973,13109,25
16043,166420,8
16043,102677,5
16043,43240,10
16043,23534,13
16043,23208,6
16043,21240,11
16043,19885,6
16043,18899,22
16043,18786,9
16043,16686,30
16043,16423,31
16043,16255,4
16043,14448,14
16043,13915,3
16043,13552,6
16043,12591,4
16443,172560,3
16443,159326,4
16443,159325,16
16443,157389,5
16443,43240,3
16443,41002,5
16443,30239,4
16443,27092,3
16443,25744,4
16443,24112,3
16443,22301,7
16443,19935,8
16443,19688,10
16443,19615,3
16443,18719,4
16443,16826,4
16443,16152,3
16443,16105,5
16461,166261,4
16461,159325,23
16461,157389,4
16461,154600,3
16461,152815,3
16461,25744,4
16461,25478,6
16461,24221,4
16461,22301,7
16461,21713,8
16461,19935,7
16461,18666,4
16461,17943,3
16461,16826,8
16461,16214,6
16461,13126,6
17017,172560,41
17017,166261,3
17017,158479,7
17017,158132,6
17017,154600,4
17017,68570,4
17017,43240,13
17017,41002,5
17017,30443,4
17017,28122,3
17017,27560,15
17017,27092,3
17017,26231,10
17017,25744,4
17017,24363,5
17017,24112,7
17017,23738,4
17017,23691,3
17017,23482,11
17017,20839,4
17017,19653,3
17017,19303,5
17017,18925,3
17017,18719,3
17017,18091,7
17017,16630,4
17017,16512,9
17017,14584,10
17017,14403,18
17017,14250,7
17017,12889,4
17017,12573,3
17017,11917,3
17017,11040,3
17792,43240,7
17792,22019,3
17792,21503,8
17792,20519,8
17792,18899,17
17792,18091,4
17792,16686,17
17792,16602,5
17792,16423,23
17792,15625,14
17792,13915,13
17792,13872,3
17792,13552,10
17792,13456,12
17792,13126,5
17792,12591,8
17792,12562,22
17792,12262,4
17792,11702,10
17952,43240,18
17952,36986,5
17952,22666,3
17952,21503,13
17952,20519,5
17952,18899,12
17952,16686,23
17952,16602,3
17952,16423,17
17952,15625,3
17952,13915,6
17952,13691,3
17952,13552,5
17952,13456,3
17952,12591,3
17952,12562,13
17952,12262,3
17952,11702,12
19425,171422,4
19425,29571,5
19425,24056,3
19425,23825,8
19425,23709,3
19425,23007,4
19425,21627,3
19425,21455,9
19425,21396,3
19425,21208,4
19425,17508,4
19425,14524,4
19425,13381,21
19425,13353,3
19425,13109,11
19425,12842,3
19425,11040,16
19425,10366,3
19425,10132,3
19753,159326,6
19753,159210,3
19753,159160,4
19753,159066,3
19753,156274,3
19753,156179,10
19753,155337,3
19753,154709,6
19753,152816,7
19753,152815,6
19753,28826,6
19753,22869,3
19753,21873,5
19753,21623,3
19753,21217,4
19753,20770,10
19753,20676,10
19753,20490,4
19753,19817,10
19753,19780,3
19753,19559,18
19753,19553,4
19753,17811,9
19753,17589,10
19753,16240,10
19753,16214,7
19753,15900,9
19753,15307,6
19753,14743,4
19753,13895,3
19753,13350,8
19753,13094,5
19753,12858,11
20382,174427,27
20382,172560,12
20382,166420,15
20382,159326,6
20382,159246,5
20382,158788,5
20382,156274,4
20382,154600,3
20382,153509,3
20382,68570,6
20382,43240,52
20382,36986,24
20382,35750,6
20382,35564,7
20382,28038,4
20382,27003,4
20382,25478,18
20382,25173,6
20382,25126,14
20382,24363,5
20382,24321,3
20382,23589,10
20382,23534,12
20382,23482,10
20382,22766,17
20382,22019,24
20382,21503,31
20382,21455,3
20382,21240,10
20382,21049,6
20382,20913,5
20382,20839,21
20382,20770,4
20382,19885,10
20382,19688,4
20382,18895,3
20382,18786,8
20382,18666,10
20382,18499,8
20382,18091,11
20382,17814,7
20382,17111,3
20382,16826,3
20382,16700,6
20382,16512,4
20382,16152,4
20382,15307,4
20382,14410,3
20382,14403,11
20382,14250,3
20382,13779,12
20382,12889,36
20382,12591,4
20382,12573,7
20382,11917,31
20382,11182,6
20449,166420,16
20449,159326,5
20449,158788,3
20449,156765,6
20449,43240,21
20449,36986,15
20449,35750,9
20449,35564,8
20449,28469,6
20449,25478,11
20449,25173,6
20449,25126,8
20449,23534,24
20449,22766,8
20449,22469,4
20449,22019,17
20449,21503,28
20449,21240,24
20449,21049,6
20449,20913,4
20449,20839,3
20449,20160,4
20449,20143,4
20449,19885,19
20449,19026,5
20449,18899,5
20449,18786,12
20449,18666,4
20449,18091,17
20449,17814,4
20449,17656,4
20449,16423,3
20449,16255,19
20449,16115,3
20449,15945,8
20449,15307,3
20449,14629,3
20449,14410,10
20449,14403,12
20449,12591,5
20449,12262,12
20449,11917,7
20449,11224,4
20449,11182,20
20449,10177,3
22157,29591,8
22157,29571,8
22157,28262,4
22157,27187,3
22157,24763,5
22157,24729,3
22157,24539,5
22157,23825,3
22157,23275,10
22157,21455,6
22157,17170,20
22157,13587,4
22157,13381,3
22157,11040,9
22441,156274,14
22441,155337,4
22441,152816,3
22441,152815,11
22441,24729,4
22441,24056,4
22441,22469,4
22441,21573,7
22441,20730,3
22441,20490,9
22441,19559,4
22441,18816,4
22441,17170,4
22441,15900,10
22441,15771,6
22441,15600,9
22441,15307,5
22441,13616,3
22441,11700,3
22494,157963,16
22494,157652,3
22494,25235,4
22494,22705,4
22494,22660,22
22494,19310,3
22494,19303,4
22494,18499,11
22494,17822,4
22494,17768,3
22494,16686,3
22494,16606,3
22494,16255,3
22494,14448,37
22494,14295,13
22494,14016,4
22494,13872,4
22494,13667,4
22494,13587,21
22494,13497,8
22494,13496,5
22494,13381,3
22494,13377,3
22494,13353,4
22494,12906,8
22494,12591,4
22494,12236,6
22494,11617,9
22494,11040,30
22494,10667,5
22494,10132,49
22495,166420,6
22495,157963,12
22495,102677,6
22495,43240,12
22495,36986,5
22495,23534,3
22495,23208,5
22495,22660,10
22495,22019,5
22495,21960,8
22495,21240,14
22495,21126,4
22495,20839,8
22495,18899,14
22495,18544,4
22495,18499,7
22495,18262,3
22495,18091,12
22495,17822,5
22495,16686,15
22495,16423,17
22495,16255,7
22495,15945,16
22495,14448,20
22495,14410,13
22495,14403,3
22495,14295,3
22495,13872,4
22495,13552,28
22495,13026,6
22495,12906,6
22495,12591,14
22495,12262,14
22495,11040,4
22495,10177,16
22499,159210,3
22499,159066,4
22499,155337,8
22499,153224,4
22499,152816,4
22499,152815,14
22499,102678,3
22499,29384,17
22499,25744,10
22499,25151,10
22499,25017,6
22499,21873,7
22499,21623,5
22499,21573,8
22499,21396,4
22499,21092,3
22499,21088,7
22499,20676,16
22499,19817,7
22499,19553,6
22499,17814,3
22499,17811,7
22499,17170,10
22499,16455,3
22499,16240,3
22499,15900,7
22499,15771,9
22499,15600,5
22499,15307,9
22499,14743,8
22499,13616,8
22499,13094,13
22499,11700,4
22522,174427,25
22522,172560,46
22522,166420,5
22522,159326,16
22522,158788,3
22522,158479,7
22522,153509,4
22522,68570,13
22522,43240,29
22522,36986,14
22522,35927,4
22522,35750,10
22522,35564,8
22522,27560,15
22522,27187,3
22522,27092,9
22522,27003,7
22522,25744,3
22522,25478,4
22522,25173,6
22522,25158,8
22522,25126,11
22522,24729,3
22522,24363,15
22522,24321,13
22522,24112,3
22522,23589,38
22522,23482,8
22522,22019,19
22522,21503,24
22522,21049,9
22522,20839,12
22522,20670,3
22522,19688,6
22522,19303,7
22522,18925,6
22522,18872,13
22522,18786,4
22522,18719,3
22522,18666,4
22522,18513,3
22522,18091,15
22522,17943,3
22522,16700,14
22522,16686,5
22522,16105,3
22522,15307,5
22522,14584,18
22522,14403,26
22522,13779,13
22522,12889,28
22522,12845,7
22522,12591,5
22522,12573,16
22522,11917,30
22522,11802,3
22522,11224,8
23126,174427,8
23126,163396,4
23126,159246,3
23126,159160,3
23126,158788,10
23126,154600,5
23126,153509,7
23126,153224,13
23126,152816,3
23126,152815,4
23126,41002,13
23126,30239,4
23126,28122,8
23126,27092,3
23126,25126,3
23126,25017,5
23126,24729,8
23126,23275,4
23126,22895,7
23126,22766,3
23126,22469,3
23126,20913,3
23126,20770,6
23126,20730,4
23126,19884,6
23126,19559,3
23126,18786,3
23126,18666,3
23126,18514,8
23126,18513,5
23126,17976,10
23126,17943,10
23126,17811,10
23126,17589,3
23126,17170,11
23126,16826,10
23126,16630,13
23126,16455,3
23126,16240,6
23126,16214,12
23126,16152,3
23126,16115,3
23126,15600,4
23126,15307,8
23126,14345,3
23126,13779,3
23126,13616,4
23126,13587,4
23126,13290,4
23126,12889,29
23126,11917,12
23126,10625,6
23283,163396,6
23283,159326,3
23283,159210,9
23283,159160,5
23283,159066,3
23283,156274,3
23283,155337,12
23283,154709,3
23283,154600,8
23283,152816,4
23283,152815,14
23283,102678,3
23283,101335,8
23283,100541,3
23283,29384,6
23283,28331,3
23283,28122,9
23283,25744,3
23283,25151,3
23283,24512,4
23283,21873,6
23283,21623,7
23283,21573,7
23283,20730,13
23283,20676,4
23283,20348,4
23283,19884,3
23283,19780,4
23283,19039,4
23283,19025,3
23283,18672,5
23283,18666,4
23283,17811,7
23283,17589,10
23283,17170,13
23283,16630,3
23283,16455,10
23283,16240,16
23283,16214,6
23283,15900,12
23283,15771,6
23283,15600,5
23283,15307,6
23283,14448,3
23283,13381,3
23283,13350,6
23283,13094,7
23283,12889,9
23283,12858,6
23283,11700,7
23283,10625,3
23941,174427,6
23941,172560,17
23941,166261,4
23941,164180,4
23941,159326,4
23941,159325,3
23941,159246,3
23941,158788,16
23941,158479,11
23941,158132,9
23941,157389,5
23941,156274,4
23941,154600,7
23941,153509,5
23941,43240,3
23941,41002,5
23941,30239,10
23941,28469,3
23941,28122,9
23941,27560,8
23941,27092,11
23941,25692,3
23941,25588,4
23941,25158,5
23941,24729,3
23941,24112,9
23941,23738,5
23941,23691,4
23941,23589,9
23941,23482,6
23941,22766,3
23941,22469,4
23941,20839,7
23941,20770,5
23941,19688,16
23941,19449,3
23941,18514,5
23941,18513,6
23941,17943,11
23941,17814,4
23941,17768,3
23941,16826,4
23941,16630,5
23941,16512,4
23941,16440,4
23941,16152,3
23941,15307,6
23941,14403,13
23941,13290,3
23941,12889,53
23941,12845,4
23941,12573,5
23941,11917,14
23941,11224,4
24338,164180,3
24338,158788,6
24338,155337,17
24338,153509,3
24338,28238,8
24338,28122,3
24338,27966,15
24338,24539,5
24338,23673,4
24338,21573,9
24338,20348,5
24338,18719,10
24338,18514,7
24338,18484,10
24338,16826,7
24338,16630,15
24338,16152,4
24338,16025,17
24338,14403,7
24338,14250,9
24338,13290,6
24338,12889,5
24338,12573,4
24338,11611,3
25289,172560,7
25289,158788,7
25289,158479,4
25289,158132,4
25289,157188,8
25289,154109,3
25289,153509,7
25289,43240,7
25289,41002,4
25289,28469,5
25289,28122,11
25289,27966,3
25289,27560,8
25289,27003,10
25289,26231,9
25289,25692,4
25289,24729,10
25289,24425,6
25289,24321,3
25289,23738,3
25289,23577,4
25289,23482,4
25289,22881,5
25289,20839,6
25289,19303,20
25289,18899,3
25289,18719,7
25289,18514,12
25289,17943,5
25289,17768,6
25289,16826,11
25289,16630,6
25289,16152,6
25289,16025,16
25289,14403,30
25289,14138,5
25289,13290,5
25289,12889,37
25289,12845,4
25289,12573,20
25289,12562,4
25289,11224,11
25289,11040,10
29012,172682,11
29012,172560,3
29012,166261,4
29012,163396,4
29012,156274,5
29012,154709,3
29012,154600,6
29012,152815,3
29012,41002,3
29012,25744,10
29012,25478,3
29012,23482,3
29012,21713,6
29012,20770,7
29012,19615,4
29012,19559,9
29012,17943,7
29012,17811,3
29012,17589,3
29012,16826,6
29012,16214,3
29012,12889,3
22300,33421186597,3
22300,166263,6
22300,157963,8
22300,154109,4
22300,42067,3
22300,28469,7
22300,27187,14
22300,25235,4
22300,24763,3
22300,24740,6
22300,24036,4
22300,23825,3
22300,22967,4
22300,22660,5
22300,20839,4
22300,20371,7
22300,19310,9
22300,19303,36
22300,18895,4
22300,18499,5
22300,18091,7
22300,17768,33
22300,16440,11
22300,14448,17
22300,14410,4
22300,14403,23
22300,14295,16
22300,13872,7
22300,13667,3
22300,13587,39
22300,13497,7
22300,13496,5
22300,13377,8
22300,13353,10
22300,13220,3
22300,13028,7
22300,13026,7
22300,12591,12
22300,12562,4
22300,12236,8
22300,11224,6
22300,11040,36
22300,10667,9
22300,10510,3
22300,10132,24
24269,163396,3
24269,159246,4
24269,159160,6
24269,155337,3
24269,154709,7
24269,154600,7
24269,153509,4
24269,153224,15
24269,152815,12
24269,101335,4
24269,41002,6
24269,29384,3
24269,26504,3
24269,25151,3
24269,23275,4
24269,22445,3
24269,21873,9
24269,21623,7
24269,21573,3
24269,20770,4
24269,20676,8
24269,19884,9
24269,19780,4
24269,19559,6
24269,18666,5
24269,18514,3
24269,17811,5
24269,17589,9
24269,17170,10
24269,16630,5
24269,16240,7
24269,16214,12
24269,15600,4
24269,15307,17
24269,14743,3
24269,14448,3
24269,13895,3
24269,13616,3
24269,13587,3
24269,13290,3
24269,12889,15
24269,12573,4
24269,12562,6
24269,11917,4
24269,11700,5
24269,11040,5
24269,10625,6
13677,155137,11
13677,153509,7
13677,101336,6
13677,27187,5
13677,26372,6
13677,25241,3
13677,25017,4
13677,24740,15
13677,24539,8
13677,24153,3
13677,24045,11
13677,24036,5
13677,23709,4
13677,23673,10
13677,23475,7
13677,23275,11
13677,23128,4
13677,22881,3
13677,22641,7
13677,22406,3
13677,22338,3
13677,22301,4
13677,21385,3
13677,20348,11
13677,20175,12
13677,19884,5
13677,19615,4
13677,16826,11
13677,16152,9
13677,16025,23
13677,13496,9
13677,13290,5
13677,13126,3
13677,13109,18
13677,12910,3
13677,12236,3
15599,166420,6
15599,159326,3
15599,157389,3
15599,41002,3
15599,35564,6
15599,35511,3
15599,30239,5
15599,27092,8
15599,25676,6
15599,25478,17
15599,25173,5
15599,25158,5
15599,24321,4
15599,23589,5
15599,22766,3
15599,21503,6
15599,21240,3
15599,20670,3
15599,19935,5
15599,19885,3
15599,18872,3
15599,18786,4
15599,16255,7
15599,15207,4
15599,14584,6
15599,14410,9
15599,14254,13
15599,14250,4
15599,13779,12
15599,13126,3
15599,11917,3
15599,11702,8
15599,11182,8
16673,153509,8
16673,43933,7
16673,41002,4
16673,35511,7
16673,33631,3
16673,30443,4
16673,28122,4
16673,27966,5
16673,27187,6
16673,24221,8
16673,23969,3
16673,20863,5
16673,18677,3
16673,17943,11
16673,16826,6
16673,16770,7
16673,16630,4
16673,16152,4
16673,16025,21
16673,14377,3
16673,13290,23
16673,12573,5
16673,12112,4
16673,10322,16
16877,159325,4
16877,157188,5
16877,155137,10
16877,153509,6
16877,102678,3
16877,41002,3
16877,35511,6
16877,28122,6
16877,27187,7
16877,27092,6
16877,25017,5
16877,24729,3
16877,24539,11
16877,23673,8
16877,23475,3
16877,23275,6
16877,22881,3
16877,20348,4
16877,20175,8
16877,19688,4
16877,18514,12
16877,17943,3
16877,16826,3
16877,16152,6
16877,16025,24
16877,14250,4
16877,14182,6
16877,13290,19
17016,154599,7
17016,102678,3
17016,101336,4
17016,35511,4
17016,27187,16
17016,24539,6
17016,23275,3
17016,22967,3
17016,16025,4
17016,14479,12
17016,14182,9
17016,13587,4
17016,13290,3
17016,11040,15
17016,10667,8
17016,10510,11
17828,158788,5
17828,153509,6
17828,41002,5
17828,28122,8
17828,27966,9
17828,27187,11
17828,27092,4
17828,24539,3
17828,24045,5
17828,22881,4
17828,20348,7
17828,19884,3
17828,18719,3
17828,18514,7
17828,17943,5
17828,16630,8
17828,16152,13
17828,16025,18
17828,13290,26
18962,43240,8
18962,28719,4
18962,21503,5
18962,20519,3
18962,20371,3
18962,18925,5
18962,18899,16
18962,17481,6
18962,16686,13
18962,16423,12
18962,15625,9
18962,15605,4
18962,13915,10
18962,13872,4
18962,13552,11
18962,13456,10
18962,13126,3
18962,12562,15
18962,11702,11
18962,11563,3
19060,159325,5
19060,158788,5
19060,158132,6
19060,157188,4
19060,155137,9
19060,153509,7
19060,41002,3
19060,28122,3
19060,27092,6
19060,26372,4
19060,25241,5
19060,25017,3
19060,24729,3
19060,24539,6
19060,23673,6
19060,23475,7
19060,22881,6
19060,20175,4
19060,18514,9
19060,17943,14
19060,16826,8
19060,16025,20
19060,14250,4
19060,13290,10
19060,12573,5
19739,194549,3
19739,171422,7
19739,155613,3
19739,155137,19
19739,101336,3
19739,27891,4
19739,27560,3
19739,27187,14
19739,26819,3
19739,24763,8
19739,24740,10
19739,24505,6
19739,23954,4
19739,22967,11
19739,22338,5
19739,21172,3
19739,20839,4
19739,20371,9
19739,19310,20
19739,19303,25
19739,18895,5
19739,17768,8
19739,17108,7
19739,16440,11
19739,14479,13
19739,14403,9
19739,14295,4
19739,13872,6
19739,13667,3
19739,13496,9
19739,13220,5
19739,13028,4
19739,13026,9
19739,12236,14
19739,11040,83
19739,10667,27
19739,10510,5
19739,10366,3
19739,10132,6
19859,172560,25
19859,166420,6
19859,154600,3
19859,68570,7
19859,43240,13
19859,28038,3
19859,25478,11
19859,25158,6
19859,24363,10
19859,24321,8
19859,23589,4
19859,23482,5
19859,21503,22
19859,20839,3
19859,19688,3
19859,19653,3
19859,18283,3
19859,16512,3
19859,14584,8
19859,14403,5
19859,12845,3
19859,11702,7
19859,11040,3
20776,101336,9
20776,28106,4
20776,26372,3
20776,23691,4
20776,23577,4
20776,21288,5
20776,20371,4
20776,19303,8
20776,16606,4
20776,14776,3
20776,14479,20
20776,13872,6
20776,13587,6
20776,12562,9
20776,12236,5
20776,11040,34
20776,10667,11
20776,10510,3
20776,10451,3
21181,154599,13
21181,101336,7
21181,27891,7
21181,27187,24
21181,24153,3
21181,22967,8
21181,22881,3
21181,20175,3
21181,16440,6
21181,14479,4
21181,14182,8
21181,12562,3
21181,12236,4
21181,11040,53
21181,10667,8
21181,10510,7
21484,172560,27
21484,159325,7
21484,157389,4
21484,157188,3
21484,154600,8
21484,35511,3
21484,33631,3
21484,28122,4
21484,27092,8
21484,26231,4
21484,25744,7
21484,25478,5
21484,24321,4
21484,24221,3
21484,24112,10
21484,23738,8
21484,23482,4
21484,22301,5
21484,21713,10
21484,20863,7
21484,19688,28
21484,19449,9
21484,18719,5
21484,17943,6
21484,16826,9
21484,16025,7
21484,12889,7
22402,33421186597,7
22402,166263,4
22402,157963,13
22402,156948,4
22402,102678,5
22402,102677,8
22402,26819,7
22402,25235,5
22402,24036,3
22402,23534,3
22402,23208,6
22402,22705,3
22402,22660,15
22402,21960,12
22402,20839,5
22402,20371,6
22402,19303,11
22402,18899,6
22402,18499,20
22402,18091,8
22402,17822,7
22402,17768,16
22402,16686,11
22402,16440,3
22402,16423,7
22402,15945,4
22402,14639,4
22402,14448,26
22402,14410,9
22402,14403,14
22402,14295,9
22402,13872,8
22402,13587,10
22402,13552,5
22402,13028,5
22402,13026,9
22402,12591,13
22402,11040,18
22402,10132,8
22647,166420,4
22647,157963,21
22647,102677,4
22647,43240,6
22647,23534,7
22647,23208,6
22647,22660,15
22647,22019,5
22647,21960,13
22647,21409,3
22647,21240,15
22647,20839,13
22647,18908,4
22647,18899,9
22647,18544,4
22647,18499,4
22647,18091,13
22647,17822,6
22647,17768,5
22647,16686,17
22647,16423,25
22647,16255,6
22647,15945,15
22647,14448,20
22647,14410,9
22647,13552,23
22647,13026,7
22647,12591,19
22647,12262,17
22647,10177,5
23844,194549,3
23844,158132,6
23844,156607,4
23844,154599,4
23844,101336,7
23844,33631,3
23844,27560,3
23844,27187,7
23844,25517,11
23844,24425,3
23844,24036,6
23844,23954,4
23844,23738,3
23844,23673,6
23844,23577,3
23844,22967,36
23844,22338,8
23844,20839,4
23844,20371,9
23844,19303,23
23844,17768,7
23844,16440,26
23844,14479,13
23844,14403,14
23844,14138,5
23844,13026,7
23844,12889,3
23844,12236,10
23844,11040,60
23844,10667,19
23844,10510,3
23844,10334,10
24012,166320,4
24012,158788,3
24012,158132,3
24012,157188,4
24012,101336,7
24012,27187,15
24012,24539,3
24012,24425,3
24012,23577,8
24012,22967,14
24012,21288,7
24012,20175,3
24012,16025,4
24012,14479,7
24012,14182,6
24012,11702,4
24012,11040,19
24012,10667,13
24012,10510,11
25075,172560,16
25075,158479,3
25075,157188,3
25075,154600,8
25075,68570,9
25075,43933,3
25075,41002,7
25075,28122,3
25075,27560,10
25075,27092,7
25075,26231,3
25075,24112,8
25075,23589,3
25075,23482,7
25075,20863,5
25075,19935,3
25075,19688,13
25075,19449,3
25075,17943,3
25075,16826,3
25075,16025,8
25075,15207,3
25075,14345,5
25075,14254,3
25075,12573,4
26021,194549,4
26021,172560,3
26021,162396,4
26021,158815,3
26021,154599,3
26021,43240,14
26021,21503,4
26021,20839,3
26021,20371,13
26021,18701,3
26021,18188,6
26021,18091,3
26021,16512,4
26021,15625,3
26021,14479,9
26021,12562,4
27697,172560,19
27697,166261,6
27697,159325,3
27697,154600,8
27697,152548,3
27697,43240,5
27697,28122,6
27697,27560,4
27697,27092,4
27697,26231,6
27697,25744,3
27697,24363,5
27697,24321,4
27697,24112,4
27697,23738,5
27697,23482,4
27697,21503,8
27697,20863,8
27697,19688,10
27697,18188,3
27697,17606,3
27697,14403,5
28254,194549,4
28254,166320,3
28254,157188,4
28254,152548,5
28254,101336,3
28254,23691,3
28254,22967,7
28254,22881,5
28254,20371,5
28254,19303,3
28254,18232,4
28254,18188,7
28254,16512,4
28254,14479,15
28254,14182,4
28254,14138,3
28254,12562,3
28254,11040,4
28254,10510,5
28254,10334,4
29226,157188,4
29226,154599,5
29226,153509,5
29226,101336,3
29226,27891,3
29226,27187,5
29226,24539,6
29226,24425,4
29226,24153,4
29226,23691,7
29226,23673,3
29226,22967,4
29226,20348,3
29226,20175,4
29226,14182,9
29226,11040,24
29226,10667,4
31009,172560,8
31009,157188,4
31009,152548,3
31009,43240,4
31009,23691,5
31009,20371,9
31009,18188,8
31009,16512,6
31009,14584,4
31009,14479,9
32206,166420,16
32206,154861,3
32206,102678,5
32206,43240,11
32206,36986,4
32206,35750,5
32206,35564,4
32206,28701,4
32206,25478,11
32206,23534,26
32206,22019,5
32206,21503,6
32206,21455,5
32206,21240,16
32206,21049,4
32206,20913,3
32206,20839,6
32206,19885,20
32206,19356,6
32206,19026,3
32206,18899,5
32206,18786,23
32206,18638,10
32206,18361,4
32206,18262,7
32206,18091,7
32206,17822,21
32206,16255,9
32206,15945,12
32206,13381,3
32206,12591,3
32206,12262,17
32206,11182,39
32206,10098,4
50540,172560,22
50540,166420,5
50540,166261,3
50540,158479,9
50540,154600,5
50540,68570,9
50540,43240,15
50540,41002,6
50540,28122,3
50540,27560,7
50540,27003,3
50540,25478,6
50540,24363,5
50540,24321,7
50540,24112,5
50540,23738,6
50540,23589,4
50540,23482,5
50540,21503,14
50540,20863,6
50540,19935,6
50540,19688,9
50540,19449,3
50540,18513,7
50540,18091,3
50540,17943,3
50540,15207,3
50540,14584,6
50540,14254,10
50540,11702,3
64875,157694,3
64875,102678,3
64875,29591,3
64875,29571,11
64875,25532,6
64875,24763,5
64875,23928,3
64875,23825,4
64875,23709,6
64875,23275,6
64875,23208,3
64875,23128,4
64875,22731,7
64875,21455,12
64875,21208,6
64875,21172,3
64875,19653,4
64875,17170,16
64875,14524,4
64875,14295,3
64875,13381,17
64875,13109,4
64875,12562,3
64875,11040,4
167479,157389,3
167479,153509,6
167479,68570,3
167479,35750,4
167479,35564,3
167479,35511,3
167479,25744,3
167479,25676,5
167479,25158,3
167479,24221,4
167479,24112,7
167479,23738,7
167479,23673,3
167479,23589,10
167479,23482,14
167479,22766,6
167479,20913,3
167479,20863,7
167479,19935,18
167479,19688,4
167479,19449,8
167479,18677,4
167479,18666,7
167479,17943,5
167479,16770,5
167479,16025,5
167479,15440,3
167479,15207,6
167479,14345,7
167479,14254,8
167479,14250,3
167479,12573,4
167479,11702,13
167479,11138,3
53588191325,158788,3
53588191325,158479,7
53588191325,35511,5
53588191325,30239,3
53588191325,28122,4
53588191325,27966,4
53588191325,27560,5
53588191325,26231,4
53588191325,23673,4
53588191325,21644,4
53588191325,20863,3
53588191325,19688,8
53588191325,17943,7
53588191325,16826,3
53588191325,16630,3
53588191325,16025,31
53588191325,13290,13
53588191325,12573,4
23659,33421186597,7
23659,171422,5
23659,166263,3
23659,102677,3
23659,43240,4
23659,28719,11
23659,24763,3
23659,24740,5
23659,23589,4
23659,22967,4
23659,22705,4
23659,22338,7
23659,22019,3
23659,21240,4
23659,20839,22
23659,20371,19
23659,19303,6
23659,19036,6
23659,18899,10
23659,18499,8
23659,18188,3
23659,18091,15
23659,17768,18
23659,16686,11
23659,16606,5
23659,16512,3
23659,16440,8
23659,16423,3
23659,14448,7
23659,14403,8
23659,13872,7
23659,13587,3
23659,12591,24
23659,12236,18
23659,11040,7
23659,10334,5
23659,10132,9
27667,158132,3
27667,152548,3
27667,27187,9
27667,25517,4
27667,24425,7
27667,24153,5
27667,23691,3
27667,23577,7
27667,22967,5
27667,22881,4
27667,20175,4
27667,16440,5
27667,14479,3
27667,12236,3
27667,11040,26
13270,166263,21
13270,156948,4
13270,25770,5
13270,25244,8
13270,22705,3
13270,22080,4
13270,21703,8
13270,21418,5
13270,21288,3
13270,21251,6
13270,21099,3
13270,20388,4
13270,20027,4
13270,19310,3
13270,19303,18
13270,19036,24
13270,18895,5
13270,17481,7
13270,14345,5
13270,13667,3
13270,12906,3
13270,12840,10
13270,12821,3
13270,12656,4
13270,12591,5
13270,12562,34
13270,12262,5
13270,12236,5
13270,11702,6
13270,11040,3
13270,10073,4
14978,166320,4
14978,154599,9
14978,29571,3
14978,27187,28
14978,25135,3
14978,24763,17
14978,24539,3
14978,23275,4
14978,20175,4
14978,16440,3
14978,14479,14
14978,14182,3
14978,13587,17
14978,12236,5
14978,11040,14
14978,10667,5
14978,10510,5
15188,166263,3
15188,27042,4
15188,25517,4
15188,24036,3
15188,22666,6
15188,22338,5
15188,21288,10
15188,20371,10
15188,19310,3
15188,19303,9
15188,19036,3
15188,18063,16
15188,17481,12
15188,15625,6
15188,13915,8
15188,13552,4
15188,13456,8
15188,13026,3
15188,12562,49
15188,12236,7
15188,11702,7
15188,11040,6
15188,10334,4
19017,171422,4
19017,156607,10
19017,154109,3
19017,28469,7
19017,22705,18
19017,18895,7
19017,14639,5
19017,14345,5
19017,13872,21
19017,13691,3
19017,13381,7
19017,13220,8
19017,13028,17
19017,13026,15
19017,12840,41
19017,10177,4
19017,10132,13
22442,166263,4
22442,157963,6
22442,102677,3
22442,43240,16
22442,25235,4
22442,24056,3
22442,24036,5
22442,22019,4
22442,21960,11
22442,21503,7
22442,21240,14
22442,20839,28
22442,20371,7
22442,18899,15
22442,18499,15
22442,18091,12
22442,17822,11
22442,17768,13
22442,16686,7
22442,16440,4
22442,16423,7
22442,16255,6
22442,15565,3
22442,14448,12
22442,14410,8
22442,14403,11
22442,14295,6
22442,14138,3
22442,13872,12
22442,13552,4
22442,13028,6
22442,13026,6
22442,12591,20
22442,12262,7
22442,12236,3
22442,11040,5
22442,10177,3
22442,10132,6
11479,166263,3
11479,154861,3
11479,27429,3
11479,23571,3
11479,23434,17
11479,22080,7
11479,21703,6
11479,21418,10
11479,21251,3
11479,21164,11
11479,20677,5
11479,20388,3
11479,20027,7
11479,19310,5
11479,19303,8
11479,19036,6
11479,18895,4
11479,18164,9
11479,17481,7
11479,17108,13
11479,13872,4
11479,13667,3
11479,13381,5
11479,13306,3
11479,13220,3
11479,12906,6
11479,12840,21
11479,12656,12
11479,12562,45
11479,12236,3
11479,11702,4
11479,11040,6
11479,10366,5
11479,10132,4
11479,10073,15
11676,157726,3
11676,154861,4
11676,27429,4
11676,23709,18
11676,23434,13
11676,23208,8
11676,22705,4
11676,21703,7
11676,21627,9
11676,21455,4
11676,21418,5
11676,21208,3
11676,21164,12
11676,20677,3
11676,20490,7
11676,19653,6
11676,18164,3
11676,17508,3
11676,16606,6
11676,14639,4
11676,13667,16
11676,13377,3
11676,13353,5
11676,13026,7
11676,12840,29
11676,12562,10
11676,11040,17
11676,10366,6
11676,10073,34
12606,156948,3
12606,23434,7
12606,21703,5
12606,21627,3
12606,21418,3
12606,21251,4
12606,21208,5
12606,21164,5
12606,18164,8
12606,17508,4
12606,17481,5
12606,13872,4
12606,13126,3
12606,12840,5
12606,12656,3
12606,12591,3
12606,12236,13
12606,11040,17
12606,10366,11
12606,10073,13
14878,166263,16
14878,25770,3
14878,25676,4
14878,23571,3
14878,22338,3
14878,22080,4
14878,21099,3
14878,20677,5
14878,19303,11
14878,19036,9
14878,18164,3
14878,18063,12
14878,17768,5
14878,17481,19
14878,14403,6
14878,14345,7
14878,13872,14
14878,13667,3
14878,13496,3
14878,13026,6
14878,12821,6
14878,12591,8
14878,12562,40
14878,12262,7
14878,12236,10
14878,11702,6
14878,11681,3
14878,11040,4
15106,101436,6
15106,20519,17
15106,18640,10
15106,18559,3
15106,18063,17
15106,17481,8
15106,15625,15
15106,14403,16
15106,14138,9
15106,13915,15
15106,13552,17
15106,13496,4
15106,13456,35
15106,13126,3
15106,13026,3
15106,12821,3
15106,12591,9
15106,12562,44
15106,12130,3
15106,11702,24
15106,11681,3
15106,11563,4
15106,11040,6
15106,10334,3
15201,43240,7
15201,23208,5
15201,22660,3
15201,21240,13
15201,18899,25
15201,18786,11
15201,18091,3
15201,16686,18
15201,16423,25
15201,15945,4
15201,14448,5
15201,13872,4
15201,12591,3
15674,171422,5
15674,159210,3
15674,102678,6
15674,29571,3
15674,28262,3
15674,28106,3
15674,23709,4
15674,22705,4
15674,21627,4
15674,20375,3
15674,18247,3
15674,16606,3
15674,13587,4
15674,13496,8
15674,13381,7
15674,13377,8
15674,13353,4
15674,13220,3
15674,13109,3
15674,12842,5
15674,11040,20
15674,10132,32
15674,10073,7
16403,19310,8
16403,18899,5
16403,17108,3
16403,16606,6
16403,16255,3
16403,15945,5
16403,14639,12
16403,14448,10
16403,14295,4
16403,13872,10
16403,13496,3
16403,13220,3
16403,13126,3
16403,12906,4
16403,12591,8
16403,12562,19
16403,10132,8
16835,171422,15
16835,157963,6
16835,156607,6
16835,102677,12
16835,28719,10
16835,22705,9
16835,21960,7
16835,21644,8
16835,20388,3
16835,19026,8
16835,18499,8
16835,18262,4
16835,17822,5
16835,17508,7
16835,15945,8
16835,14639,5
16835,13872,9
16835,13667,3
16835,13220,6
16835,12906,3
16835,12840,28
16835,12236,3
20549,171422,4
20549,28106,3
20549,22705,9
20549,16606,7
20549,14639,7
20549,14448,3
20549,13872,7
20549,13587,3
20549,13496,6
20549,13126,5
20549,13026,4
20549,12236,3
20549,11040,8
20549,10132,17
30598,154599,3
30598,29571,9
30598,27187,24
30598,24763,4
30598,23275,5
30598,20375,3
30598,13587,19
30598,13496,3
30598,13109,6
30598,12236,4
30598,11040,3
30598,10510,5
37008,171422,31
37008,159210,3
37008,157694,5
37008,155137,4
37008,154219,9
37008,152857,3
37008,29571,3
37008,24664,4
37008,23825,6
37008,23128,4
37008,22731,14
37008,22705,17
37008,22080,4
37008,21627,5
37008,21208,4
37008,21164,3
37008,20677,3
37008,20388,6
37008,20143,3
37008,19559,4
37008,19026,3
37008,17508,3
37008,17497,11
37008,16455,3
37008,13678,3
37008,13496,3
37008,13381,5
37008,13353,5
37008,13220,15
37008,13109,20
37008,13026,11
37008,12906,13
37008,12842,3
37008,11040,23
37008,10366,9
37008,10132,12
37008,10073,16
37976,154109,4
37976,22881,6
37976,22705,3
37976,20519,6
37976,19036,3
37976,18895,6
37976,18640,4
37976,18164,3
37976,18063,31
37976,17481,6
37976,17108,9
37976,16606,3
37976,14403,20
37976,14345,4
37976,13915,4
37976,13872,19
37976,13496,9
37976,13456,17
37976,13381,14
37976,13026,8
37976,12840,4
37976,12821,3
37976,12591,12
37976,12562,15
37976,12262,4
37976,12236,7
37976,11702,16
16498,156274,13
16498,152815,11
16498,28826,3
16498,28331,7
16498,22445,6
16498,22301,4
16498,21873,8
16498,21713,3
16498,20770,6
16498,20676,4
16498,19817,11
16498,19553,19
16498,18666,11
16498,17811,3
16498,17589,9
16498,16214,20
16498,13496,4
16498,12562,3
16799,27187,7
16799,24763,8
16799,24036,4
16799,19310,7
16799,19303,5
16799,14479,16
16799,14448,6
16799,13587,8
16799,13496,4
16799,13377,3
16799,12562,10
16799,11040,15
16799,10667,3
16799,10510,3
16799,10132,12
21292,171422,3
21292,159065,3
21292,157963,12
21292,102678,3
21292,25235,3
21292,24056,3
21292,22705,14
21292,22660,7
21292,22043,3
21292,21573,3
21292,20677,4
21292,19310,9
21292,18499,3
21292,18247,5
21292,14448,16
21292,14410,3
21292,14295,15
21292,14261,4
21292,13872,10
21292,13587,20
21292,13497,6
21292,13496,8
21292,13381,21
21292,13377,18
21292,13353,10
21292,13220,6
21292,12906,7
21292,12591,3
21292,12236,5
21292,11040,32
21292,10667,3
21292,10132,50
46529,166263,3
46529,157963,9
46529,102678,6
46529,22967,3
46529,22955,4
46529,22705,13
46529,22660,17
46529,21573,3
46529,17822,3
46529,16606,4
46529,15945,3
46529,14639,5
46529,14448,36
46529,14295,9
46529,14261,4
46529,13872,7
46529,13678,3
46529,13587,10
46529,13497,3
46529,13496,5
46529,13381,4
46529,13377,3
46529,13353,4
46529,13028,4
46529,13026,3
46529,12906,5
46529,12591,3
46529,12236,5
46529,11617,5
46529,11040,23
46529,10132,56
21151,156607,8
21151,28719,3
21151,22705,8
21151,20490,4
21151,19589,4
21151,19310,6
21151,18895,17
21151,17108,3
21151,14639,4
21151,14403,16
21151,13915,7
21151,13872,12
21151,13667,6
21151,13552,13
21151,13456,11
21151,13381,3
21151,13220,9
21151,13126,3
21151,13028,6
21151,13026,11
21151,12840,18
21151,12591,3
21151,12562,10
21151,12262,4
21151,12236,7
21151,11040,9
21151,10177,10
21151,10132,19
18106,166261,4
18106,158788,4
18106,153509,10
18106,100541,12
18106,35511,3
18106,28122,10
18106,27966,6
18106,27187,3
18106,23275,4
18106,21573,5
18106,19884,8
18106,18514,4
18106,17943,3
18106,16630,12
18106,16152,10
18106,16025,10
18106,15744,3
18106,15600,4
18106,15307,3
18106,13290,16
18106,12573,4
11739,153286,20
11739,27161,4
11739,25470,13
11739,24356,5
11739,23755,7
11739,23571,4
11739,23563,8
11739,21627,4
11739,21418,3
11739,21251,8
11739,21064,9
11739,20462,3
11739,20149,3
11739,20027,9
11739,18952,10
11739,17508,3
11739,16185,10
11739,14224,3
11739,14029,4
11739,13799,7
11739,13678,6
11739,13435,22
11739,13266,4
11739,13224,4
11739,13028,3
11739,12469,3
11739,12312,18
11739,10755,42
11739,10699,11
11739,10611,18
11739,10170,23
11739,10105,24
16625,167360,6
16625,155062,4
16625,153640,5
16625,28429,3
16625,27485,5
16625,27161,17
16625,25470,3
16625,25219,5
16625,24241,3
16625,21952,3
16625,21830,11
16625,21390,3
16625,20164,4
16625,18680,7
16625,17631,3
16625,17410,5
16625,16247,12
16625,15435,3
16625,15390,5
16625,13799,10
16625,13678,4
16625,13593,11
16625,13435,38
16625,13288,5
16625,13266,10
16625,12337,3
16625,12011,19
16625,10755,47
16625,10611,5
16693,163855,9
16693,159900,5
16693,159288,6
16693,154880,8
16693,152391,3
16693,102942,3
16693,34902,4
16693,30487,3
16693,28627,3
16693,25261,6
16693,25247,3
16693,24649,7
16693,22354,3
16693,22246,3
16693,22078,14
16693,21677,5
16693,20726,6
16693,20691,7
16693,20528,5
16693,20462,7
16693,17855,7
16693,17801,3
16693,17527,3
16693,17058,7
16693,16122,4
16693,16105,3
16693,15697,27
16693,14590,10
16693,14029,3
16693,13612,15
16693,11702,3
16693,11563,11
16693,10823,3
16693,10699,6
17436,40030,4
17436,26710,3
17436,26584,4
17436,26198,10
17436,25992,4
17436,25517,6
17436,23954,6
17436,23265,4
17436,22191,11
17436,20401,5
17436,19851,4
17436,19386,15
17436,19342,13
17436,18573,4
17436,17273,3
17436,17119,16
17436,16263,10
17436,16166,3
17436,15990,9
17436,15102,4
17436,14224,6
17436,14029,57
17436,13435,4
17436,12312,19
17436,12216,4
17436,11702,5
17436,11563,6
17436,10755,4
17436,10451,3
28662,169911,4
28662,159900,5
28662,156686,4
28662,154996,16
28662,103483,3
28662,102708,9
28662,30035,3
28662,29817,5
28662,28909,6
28662,28627,5
28662,28585,3
28662,28551,7
28662,28267,5
28662,27395,3
28662,26304,14
28662,25261,6
28662,25247,4
28662,25076,6
28662,23771,6
28662,23164,3
28662,21686,3
28662,21620,5
28662,20993,10
28662,20528,3
28662,20376,3
28662,19321,3
28662,18200,7
28662,17535,18
28662,17058,5
28662,16783,3
28662,16512,5
28662,16155,3
28662,15697,5
28662,14590,3
28662,14532,3
28662,12228,30
28662,10699,3
12620,163855,9
12620,159205,14
12620,159085,3
12620,100784,6
12620,27702,10
12620,27665,12
12620,27244,5
12620,27203,3
12620,25192,3
12620,22354,3
12620,19915,15
12620,19454,11
12620,16622,5
12620,15449,8
12620,15132,20
12620,14590,32
12620,14026,5
12620,13028,4
12620,12954,12
12620,12312,23
12620,11702,4
12620,10699,18
12620,10668,11
12620,10632,10
12620,10468,10
12751,157726,5
12751,155062,4
12751,100988,6
12751,25470,41
12751,24602,5
12751,24356,3
12751,23755,5
12751,23571,7
12751,23563,10
12751,22191,9
12751,21418,8
12751,21251,3
12751,21208,5
12751,21164,9
12751,21064,3
12751,20149,6
12751,19851,13
12751,19386,3
12751,17273,5
12751,16185,15
12751,14740,7
12751,14224,3
12751,14029,35
12751,13593,7
12751,13497,4
12751,13435,12
12751,13224,3
12751,13206,4
12751,13028,3
12751,12469,12
12751,12312,18
12751,12011,3
12751,11702,4
12751,10755,16
12751,10611,19
12751,10468,3
12751,10170,9
12751,10105,22
12923,174427,3
12923,103483,5
12923,102708,3
12923,30748,6
12923,28267,6
12923,25100,4
12923,24817,6
12923,24702,3
12923,24151,6
12923,24025,3
12923,23894,10
12923,23529,3
12923,22632,5
12923,21892,4
12923,21841,5
12923,21620,3
12923,19321,12
12923,18931,5
12923,18617,7
12923,18384,3
12923,18367,4
12923,17554,4
12923,15979,15
12923,15626,3
12923,15187,4
12923,14308,11
12923,14224,3
12923,13682,5
12923,11702,3
12923,11563,3
12923,10764,20
12966,102942,6
12966,100988,4
12966,27161,5
12966,26374,3
12966,25897,5
12966,25470,17
12966,25012,3
12966,24602,10
12966,22191,5
12966,21418,3
12966,21164,3
12966,20149,5
12966,20131,3
12966,19851,12
12966,17273,3
12966,16622,4
12966,16185,5
12966,15132,9
12966,14029,12
12966,13678,3
12966,13377,3
12966,13288,9
12966,13266,7
12966,12785,3
12966,12312,40
12966,10755,40
12966,10699,13
12966,10668,11
12966,10632,11
12966,10611,15
12966,10468,3
12966,10170,18
12966,10105,30
12982,158944,3
12982,153199,20
12982,27161,3
12982,25897,4
12982,25051,4
12982,22947,4
12982,22641,10
12982,22388,28
12982,22354,12
12982,20462,34
12982,20027,3
12982,18952,4
12982,18816,13
12982,18736,6
12982,15092,5
12982,14729,9
12982,14132,11
12982,13497,4
12982,13266,3
12982,12312,9
12982,10755,7
12982,10699,31
12982,10632,17
12982,10170,17
12982,10105,4
13487,157726,3
13487,155062,9
13487,100988,4
13487,26710,3
13487,26198,3
13487,26091,3
13487,25470,20
13487,25012,6
13487,24856,3
13487,23563,3
13487,23265,6
13487,22191,19
13487,21390,8
13487,21208,3
13487,21164,3
13487,21064,5
13487,20149,4
13487,19851,22
13487,19386,4
13487,19342,9
13487,17273,6
13487,16185,4
13487,14936,6
13487,14740,3
13487,14224,9
13487,14029,33
13487,13799,7
13487,13593,12
13487,13435,20
13487,13288,11
13487,13224,5
13487,12312,15
13487,11702,9
13487,11563,4
13487,10755,20
13487,10611,8
13487,10468,3
13487,10170,3
13958,155062,10
13958,100988,4
13958,26710,6
13958,26198,3
13958,25470,31
13958,25012,5
13958,24602,3
13958,23265,11
13958,22191,4
13958,21929,5
13958,21208,3
13958,19851,15
13958,19386,14
13958,19342,9
13958,18573,3
13958,17273,6
13958,17119,11
13958,16185,7
13958,15850,3
13958,15092,3
13958,14740,3
13958,14132,3
13958,14029,31
13958,14026,9
13958,13799,7
13958,13593,8
13958,13539,3
13958,13435,11
13958,13288,11
13958,13224,8
13958,12785,3
13958,12312,3
13958,12216,5
13958,12011,5
13958,11702,11
13958,11563,4
13958,11111,3
13958,10755,13
13958,10699,6
13958,10170,7
13997,163217,5
13997,157726,9
13997,155062,3
13997,27244,3
13997,26710,7
13997,26374,3
13997,25470,23
13997,25012,3
13997,24602,3
13997,23954,4
13997,23561,3
13997,23265,5
13997,22578,9
13997,22191,11
13997,21208,4
13997,20691,3
13997,19851,9
13997,17516,5
13997,17273,3
13997,16263,6
13997,16185,6
13997,15449,3
13997,15132,13
13997,15102,3
13997,14029,22
13997,13288,18
13997,13266,3
13997,13224,3
13997,12312,35
13997,11702,3
13997,11563,3
13997,10755,36
13997,10699,3
13997,10611,9
13997,10468,6
13997,10170,10
13997,10105,11
14619,159728,3
14619,157443,4
14619,27161,4
14619,22947,3
14619,22641,3
14619,21064,9
14619,20462,4
14619,20027,11
14619,14026,3
14619,13678,5
14619,13377,3
14619,13353,5
14619,12785,8
14619,12312,29
14619,12011,4
14619,10755,23
14710,166827,5
14710,156686,5
14710,102018,7
14710,25100,3
14710,24817,7
14710,24151,8
14710,22632,22
14710,21892,4
14710,21686,20
14710,21504,18
14710,21498,4
14710,20506,9
14710,19321,14
14710,18637,3
14710,18617,5
14710,18477,4
14710,18367,3
14710,18200,6
14710,17392,6
14710,16155,4
14710,15979,5
14710,15696,12
14710,15626,10
14710,15433,14
14710,12228,3
14710,11702,5
14710,11563,12
14710,10764,6
15146,164042,10
15146,159206,7
15146,157193,4
15146,153640,4
15146,45116,10
15146,28393,3
15146,24483,4
15146,22406,18
15146,22328,12
15146,20573,8
15146,20426,7
15146,20133,7
15146,19368,10
15146,19157,10
15146,19116,5
15146,19033,14
15146,18385,3
15146,17704,5
15146,17607,8
15146,16778,7
15146,16349,3
15146,16121,18
15146,15483,7
15146,15125,4
15146,13503,8
15146,13148,7
15146,11593,3
15224,174427,7
15224,169911,5
15224,164112,6
15224,103483,3
15224,102708,3
15224,102707,3
15224,102624,5
15224,30232,5
15224,28909,3
15224,28585,4
15224,28267,4
15224,25261,5
15224,20993,5
15224,20726,5
15224,18200,3
15224,17855,5
15224,17801,3
15224,17535,18
15224,17392,4
15224,17058,5
15224,16783,3
15224,16587,4
15224,16155,19
15224,16105,5
15224,15979,3
15224,15697,16
15224,14590,3
15224,14308,4
15224,14224,3
15224,13986,4
15224,13612,4
15224,13538,8
15224,12452,3
15224,11702,3
15224,11563,3
15224,11485,6
15224,10823,4
15377,163855,5
15377,159205,18
15377,27665,3
15377,26584,4
15377,26414,8
15377,25192,3
15377,19915,7
15377,17127,3
15377,15697,4
15377,15449,6
15377,15132,9
15377,14590,35
15377,12954,7
15377,12312,11
15377,11702,7
15377,11563,6
15377,10668,8
15377,10468,4
15377,10294,3
15876,102018,8
15876,29789,6
15876,29431,3
15876,29350,8
15876,28267,10
15876,27575,3
15876,27395,8
15876,26358,3
15876,24817,3
15876,24702,5
15876,24151,7
15876,24025,4
15876,23894,5
15876,23767,3
15876,22632,14
15876,21892,5
15876,21841,9
15876,21686,20
15876,21504,9
15876,20376,4
15876,19321,6
15876,18617,4
15876,18384,7
15876,18367,3
15876,18200,3
15876,17554,3
15876,17392,8
15876,15751,3
15876,15696,6
15876,15626,3
15876,15433,5
15876,15187,6
15876,14308,8
15876,12228,4
15876,11702,8
15876,11563,13
15876,11485,6
15876,10823,3
15876,10764,12
16095,158944,7
16095,153199,15
16095,152857,5
16095,100784,8
16095,27161,9
16095,26842,6
16095,25051,22
16095,24356,12
16095,23571,4
16095,23027,3
16095,22947,12
16095,22388,9
16095,21064,6
16095,20462,8
16095,18816,9
16095,17516,3
16095,17127,12
16095,16139,13
16095,15656,3
16095,14732,5
16095,14729,18
16095,14026,3
16095,13799,11
16095,13678,14
16095,13266,20
16095,13206,5
16095,12785,19
16095,12312,12
16095,12011,10
16095,11344,3
16095,10755,32
16095,10170,18
16095,10105,3
16233,164554,3
16233,164112,3
16233,159900,7
16233,159288,9
16233,154886,8
16233,154207,7
16233,152682,5
16233,36418,3
16233,29564,4
16233,28585,4
16233,28267,3
16233,28235,3
16233,27950,9
16233,26781,6
16233,25261,10
16233,25247,3
16233,24649,3
16233,24328,3
16233,22354,9
16233,21677,6
16233,21131,5
16233,20993,7
16233,20726,4
16233,20528,8
16233,20170,3
16233,17855,6
16233,17801,3
16233,17058,3
16233,15697,26
16233,14590,19
16233,13756,15
16233,13612,26
16233,13339,4
16233,11702,3
16233,11563,4
16377,159085,5
16377,158944,3
16377,23027,6
16377,22947,4
16377,22618,3
16377,22388,4
16377,20462,11
16377,20131,10
16377,18816,6
16377,14732,5
16377,14590,4
16377,14132,3
16377,13678,5
16377,13497,6
16377,12954,3
16377,12312,11
16377,10755,6
16689,157517,3
16689,154996,11
16689,152391,5
16689,103483,6
16689,36128,5
16689,29817,9
16689,29789,6
16689,28684,3
16689,28267,9
16689,27395,6
16689,27381,3
16689,26304,16
16689,25588,10
16689,25585,4
16689,25100,4
16689,24895,6
16689,24151,12
16689,23894,3
16689,23164,4
16689,21686,4
16689,21620,6
16689,21504,7
16689,20993,4
16689,20376,3
16689,20170,19
16689,19454,6
16689,18617,4
16689,18200,6
16689,17058,4
16689,16694,3
16689,16610,4
16689,16512,8
16689,16105,8
16689,15411,3
16689,14029,3
16689,13146,8
16689,12935,3
16689,12452,3
16689,12228,48
16689,12092,10
16689,11563,3
16689,10823,4
16689,10764,5
16689,10699,3
16766,167360,11
16766,153640,4
16766,40030,11
16766,37455,18
16766,29419,3
16766,27485,16
16766,27161,19
16766,25768,6
16766,25470,3
16766,25379,4
16766,25051,3
16766,23571,4
16766,23286,3
16766,22532,21
16766,22191,3
16766,21830,4
16766,21498,4
16766,20462,8
16766,20164,4
16766,20149,5
16766,19606,9
16766,18680,38
16766,18435,4
16766,18211,9
16766,17516,4
16766,16247,3
16766,15751,5
16766,15435,15
16766,15390,4
16766,15125,3
16766,14590,3
16766,14029,4
16766,13799,5
16766,13593,10
16766,13435,18
16766,13288,17
16766,13266,25
16766,13206,19
16766,13028,3
16766,12954,3
16766,12011,10
16766,10755,83
16766,10611,29
18185,163855,3
18185,163217,3
18185,153199,6
18185,152857,5
18185,100784,6
18185,36880,3
18185,27161,12
18185,25897,7
18185,25470,3
18185,25051,4
18185,24356,5
18185,23612,4
18185,23571,6
18185,23115,7
18185,23041,3
18185,22388,5
18185,22191,3
18185,20462,8
18185,20149,11
18185,20131,3
18185,18952,5
18185,17516,3
18185,17273,3
18185,17127,9
18185,16139,6
18185,15092,4
18185,14740,15
18185,14729,4
18185,14590,3
18185,14029,3
18185,13799,18
18185,13678,11
18185,13593,8
18185,13496,3
18185,13377,3
18185,13353,9
18185,13290,4
18185,13288,7
18185,13266,15
18185,13206,16
18185,13028,3
18185,12954,3
18185,12785,11
18185,12312,48
18185,12011,13
18185,10755,30
18185,10668,3
18185,10632,4
18185,10611,3
18185,10468,4
18185,10170,20
18185,10105,6
18610,163855,4
18610,162783,3
18610,159205,4
18610,23571,9
18610,22618,3
18610,22388,7
18610,22354,3
18610,21498,3
18610,20462,11
18610,20131,3
18610,18816,9
18610,18247,6
18610,17516,4
18610,15194,4
18610,15102,3
18610,14729,3
18610,14132,3
18610,13678,3
18610,13266,4
18610,12785,16
18610,12312,13
18610,11344,3
18610,10699,26
18610,10632,8
18610,10170,3
18735,24151,7
18735,21686,15
18735,21504,16
18735,21498,4
18735,21303,4
18735,20506,4
18735,20401,8
18735,18701,4
18735,16783,3
18735,16263,8
18735,16166,12
18735,15990,10
18735,15850,6
18735,15696,9
18735,15433,16
18735,14029,23
18735,13593,3
18735,13288,3
18735,13224,3
18735,12316,12
18735,11702,11
18735,11563,13
18735,10451,3
18930,163855,3
18930,152857,3
18930,26710,4
18930,26414,5
18930,26295,3
18930,25192,4
18930,23041,4
18930,22191,12
18930,20401,3
18930,17285,3
18930,16783,4
18930,16622,3
18930,16263,6
18930,16122,7
18930,15922,7
18930,15132,18
18930,15102,7
18930,14590,4
18930,14029,8
18930,13678,3
18930,13288,9
18930,12954,5
18930,12312,32
18930,10755,5
18930,10668,17
18930,10468,7
19041,27161,6
19041,25768,6
19041,20164,6
19041,20149,5
19041,18680,3
19041,18211,32
19041,17631,3
19041,17410,7
19041,15435,48
19041,15433,6
19041,15390,5
19041,13678,3
19041,13353,8
19041,13206,5
19041,12954,13
19041,12785,8
19041,12337,8
19041,12312,7
19041,12011,13
19041,10755,36
19041,10611,17
19958,167360,4
19958,155683,7
19958,155062,3
19958,31366,3
19958,26903,9
19958,23286,6
19958,20170,3
19958,18936,3
19958,18573,11
19958,15390,6
19958,14029,4
19958,13872,5
19958,13799,5
19958,13667,7
19958,13593,19
19958,13435,50
19958,13266,7
19958,13028,22
19958,12785,10
19958,12337,6
19958,12312,16
19958,12011,5
19958,10755,26
19958,10611,12
19965,28915,5
19965,27244,3
19965,26414,3
19965,26198,3
19965,25192,4
19965,22191,3
19965,17855,3
19965,17127,5
19965,16263,3
19965,16122,7
19965,15132,9
19965,15102,3
19965,14590,12
19965,14029,4
19965,12312,13
19965,11563,5
19965,10668,5
19965,10632,3
19965,10334,3
20352,163855,13
20352,159205,3
20352,152391,8
20352,40030,3
20352,26710,5
20352,26584,3
20352,26198,5
20352,25992,5
20352,25897,4
20352,25585,5
20352,25192,6
20352,24281,4
20352,23954,3
20352,22191,14
20352,20401,6
20352,20170,7
20352,19851,5
20352,19454,13
20352,17527,3
20352,17273,39
20352,16622,14
20352,16263,15
20352,16168,12
20352,16122,19
20352,15132,6
20352,15102,12
20352,15092,6
20352,14029,6
20352,13667,3
20352,13288,9
20352,13224,3
20352,13028,5
20352,12954,8
20352,12312,98
20352,12092,5
20352,10755,7
20352,10668,12
20352,10611,12
20352,10468,14
20550,159900,4
20550,154996,8
20550,152682,9
20550,152391,6
20550,102708,3
20550,30487,8
20550,28915,4
20550,28909,3
20550,28684,5
20550,28627,5
20550,28585,3
20550,28551,4
20550,26781,4
20550,26414,3
20550,26304,3
20550,25878,3
20550,25261,4
20550,25247,4
20550,24895,4
20550,23164,3
20550,20726,5
20550,17801,6
20550,17535,4
20550,17058,4
20550,16783,3
20550,16512,3
20550,15697,39
20550,15132,7
20550,14590,6
20550,13612,17
20550,11702,9
20550,11563,11
20550,10823,29
20550,10699,3
20550,10294,3
20862,164042,4
20862,153994,3
20862,25100,4
20862,24817,13
20862,24702,5
20862,24151,5
20862,24025,7
20862,21830,5
20862,20133,3
20862,19675,13
20862,19517,12
20862,19461,4
20862,19321,8
20862,18886,4
20862,18637,6
20862,18385,3
20862,18384,5
20862,18200,3
20862,17715,9
20862,17704,5
20862,17633,3
20862,17554,7
20862,17410,3
20862,16531,8
20862,15979,14
20862,14379,3
20862,13682,6
20862,12752,7
20862,12112,3
20862,10764,17
20870,167360,5
20870,157443,3
20870,155683,3
20870,155062,4
20870,40030,4
20870,31366,5
20870,27161,4
20870,26903,8
20870,26053,3
20870,23658,3
20870,23286,4
20870,20170,24
20870,17273,4
20870,16166,11
20870,15990,5
20870,15922,5
20870,15850,10
20870,15390,4
20870,14740,6
20870,14559,3
20870,14029,7
20870,13799,8
20870,13667,12
20870,13593,9
20870,13435,38
20870,13288,11
20870,13266,9
20870,13028,15
20870,12785,10
20870,12337,3
20870,12316,14
20870,12312,10
20870,12011,4
20870,10755,6
20870,10611,12
21766,163855,5
21766,159288,4
21766,159205,14
21766,152857,4
21766,27161,6
21766,26710,9
21766,25585,3
21766,24649,6
21766,23286,8
21766,22191,13
21766,20170,5
21766,19851,5
21766,18816,13
21766,18736,5
21766,17516,7
21766,17273,12
21766,17127,6
21766,16622,8
21766,16139,5
21766,15102,9
21766,14740,5
21766,14590,5
21766,14559,3
21766,14029,6
21766,13799,5
21766,13667,6
21766,13593,5
21766,13435,4
21766,13353,11
21766,13288,5
21766,13206,6
21766,13028,7
21766,12954,10
21766,12785,24
21766,12312,80
21766,12011,6
21766,10755,16
21766,10611,4
21766,10468,14
21766,10170,6
22615,163855,3
22615,159085,3
22615,152681,4
22615,152391,4
22615,100988,4
22615,40030,4
22615,36128,7
22615,28684,3
22615,28551,4
22615,26710,6
22615,26584,6
22615,26414,4
22615,26295,3
22615,26198,7
22615,25992,3
22615,25192,8
22615,25012,3
22615,24817,3
22615,23954,11
22615,22191,6
22615,20401,3
22615,20170,8
22615,19915,5
22615,19851,8
22615,19454,15
22615,17855,5
22615,17516,4
22615,17273,14
22615,16512,3
22615,16263,20
22615,16168,14
22615,16122,27
22615,15102,4
22615,14740,4
22615,14590,6
22615,14224,4
22615,14026,5
22615,13288,8
22615,13028,3
22615,12312,64
22615,12092,13
22615,10668,11
22615,10468,8
22615,10451,3
22615,10334,4
23584,27485,3
23584,25470,24
23584,22632,5
23584,21892,4
23584,21686,6
23584,21504,13
23584,19342,6
23584,16263,3
23584,16166,11
23584,15990,15
23584,15850,4
23584,15696,21
23584,15433,13
23584,14029,14
23584,13593,4
23584,12316,18
23584,11702,12
23584,11563,9
24820,166827,3
24820,164042,3
24820,153640,4
24820,103483,3
24820,29631,3
24820,25100,8
24820,24817,11
24820,24151,7
24820,24025,3
24820,23894,11
24820,20376,3
24820,19675,6
24820,19517,5
24820,19321,11
24820,18886,3
24820,18637,8
24820,18617,8
24820,18384,6
24820,18367,3
24820,18200,5
24820,17704,4
24820,17554,9
24820,15979,11
24820,14308,4
24820,13986,3
24820,13682,7
24820,12752,6
24820,11917,3
24820,10764,12
25240,163855,6
25240,162783,5
25240,159205,10
25240,159067,11
25240,158710,7
25240,28915,3
25240,27702,13
25240,27665,9
25240,27244,3
25240,27203,5
25240,25897,9
25240,22388,3
25240,22354,3
25240,22080,4
25240,20462,14
25240,19915,5
25240,19454,5
25240,18105,4
25240,15449,5
25240,15132,7
25240,14590,25
25240,14029,3
25240,14026,3
25240,13288,7
25240,12954,8
25240,12785,6
25240,12312,13
25240,10755,3
25240,10699,31
25240,10668,9
25240,10632,16
25240,10468,8
25240,10170,8
25500,159205,5
25500,155683,7
25500,26710,3
25500,23115,3
25500,22191,3
25500,17273,3
25500,15656,3
25500,15132,9
25500,14026,4
25500,13678,3
25500,13353,4
25500,13288,3
25500,12954,11
25500,12785,5
25500,12312,23
25500,12011,3
25500,10755,7
25500,10668,5
25500,10468,4
25666,153286,4
25666,100988,3
25666,27203,5
25666,25470,9
25666,24602,5
25666,23571,4
25666,22578,3
25666,21251,5
25666,21064,6
25666,20462,13
25666,20027,3
25666,18952,4
25666,17516,4
25666,14132,3
25666,13377,6
25666,13288,6
25666,13266,5
25666,13206,9
25666,12312,22
25666,10755,31
25666,10699,18
25666,10668,4
25666,10632,12
25666,10611,22
25666,10170,20
25666,10105,33
25975,159085,3
25975,28915,3
25975,27244,6
25975,26584,3
25975,26198,3
25975,25261,4
25975,25192,5
25975,20269,4
25975,20170,8
25975,17273,3
25975,16622,4
25975,14590,8
25975,14026,7
25975,12954,7
25975,12785,4
25975,12312,28
25975,11026,3
25975,10668,10
25975,10468,10
26134,164112,3
26134,164042,9
26134,157193,6
26134,153994,5
26134,153640,3
26134,102707,3
26134,102624,5
26134,28393,6
26134,28267,4
26134,24702,5
26134,24483,7
26134,21131,5
26134,20426,4
26134,20276,3
26134,20133,5
26134,19675,6
26134,19116,9
26134,19033,4
26134,18886,6
26134,18385,6
26134,17715,10
26134,17607,6
26134,16778,6
26134,15125,11
26134,13538,12
26134,13339,3
26134,12752,8
26134,10764,5
26428,163855,18
26428,162783,8
26428,159900,4
26428,159288,4
26428,153286,5
26428,152682,3
26428,102942,8
26428,30232,5
26428,29564,4
26428,28551,5
26428,27950,4
26428,25290,8
26428,25261,8
26428,25247,6
26428,25192,6
26428,24649,6
26428,22406,7
26428,22354,19
26428,22246,8
26428,22078,5
26428,21677,8
26428,21600,11
26428,21430,5
26428,20726,3
26428,20691,3
26428,20528,9
26428,20462,35
26428,20426,4
26428,20269,5
26428,20199,3
26428,20131,4
26428,19915,5
26428,18952,3
26428,17855,5
26428,17801,7
26428,17535,3
26428,16122,6
26428,15697,32
26428,14590,15
26428,14029,9
26428,14026,6
26428,13612,26
26428,12954,14
26428,11563,3
26428,10699,3
26689,157443,3
26689,27161,8
26689,25470,6
26689,24555,3
26689,24356,5
26689,21418,9
26689,21064,9
26689,20164,3
26689,20027,7
26689,18573,9
26689,17631,5
26689,17410,3
26689,15922,3
26689,15435,18
26689,15433,3
26689,15390,3
26689,13799,12
26689,13593,6
26689,13266,7
26689,12337,3
26689,12312,18
26689,12011,5
26689,10755,28
26689,10611,15
26935,174427,6
26935,169911,4
26935,164112,7
26935,156686,4
26935,154122,3
26935,102707,7
26935,102624,4
26935,29631,4
26935,28627,4
26935,28267,10
26935,25100,6
26935,24142,5
26935,21620,8
26935,20993,4
26935,19461,3
26935,17392,5
26935,16587,6
26935,16155,10
26935,15979,4
26935,15125,6
26935,14996,3
26935,13986,6
26935,13538,5
26935,11917,7
26935,10764,3
26975,166827,5
26975,154670,3
26975,25219,4
26975,24817,4
26975,24702,3
26975,24025,3
26975,19321,4
26975,19116,3
26975,18637,15
26975,18617,3
26975,18367,17
26975,17633,3
26975,17554,5
26975,17410,8
26975,16531,8
26975,16247,6
26975,15880,5
26975,15433,6
26975,14379,4
26975,10764,35
27312,174427,11
27312,169911,3
27312,164112,18
27312,156686,4
27312,154122,3
27312,102707,9
27312,102624,6
27312,28585,7
27312,21620,13
27312,20993,6
27312,20726,4
27312,17801,4
27312,17535,4
27312,17058,4
27312,16587,7
27312,16155,7
27312,15697,9
27312,15125,3
27312,14996,5
27312,14846,8
27312,14590,12
27312,13986,3
27312,13756,5
27312,13538,7
27312,13224,5
27312,11917,4
27312,11702,4
27840,166827,3
27840,30748,3
27840,24843,3
27840,24817,3
27840,24151,3
27840,24025,5
27840,23220,4
27840,22632,13
27840,21686,4
27840,20506,5
27840,20376,4
27840,20051,7
27840,19675,4
27840,19517,4
27840,19321,3
27840,18637,17
27840,18617,4
27840,18367,7
27840,17633,5
27840,17554,4
27840,17410,8
27840,15979,5
27840,15696,9
27840,15433,9
27840,14308,5
27840,10764,38
28934,174427,11
28934,169911,3
28934,164554,3
28934,164112,9
28934,102624,4
28934,25100,6
28934,24817,4
28934,24702,4
28934,24142,5
28934,22809,6
28934,21841,5
28934,21677,6
28934,21620,10
28934,20993,6
28934,20726,5
28934,19461,8
28934,17855,4
28934,17535,10
28934,17392,10
28934,17058,3
28934,16587,15
28934,16155,11
28934,15979,10
28934,15697,12
28934,15092,3
28934,14590,5
28934,14308,12
28934,14224,4
28934,13986,5
28934,13682,9
28934,13612,3
28934,12452,6
28934,11917,10
28934,11702,9
28934,11485,3
28934,10764,5
31825,164112,6
31825,163855,8
31825,162958,4
31825,159288,3
31825,103483,5
31825,102942,5
31825,29564,13
31825,27950,3
31825,26781,4
31825,25261,7
31825,25247,5
31825,24649,4
31825,24328,3
31825,21677,6
31825,21600,8
31825,21396,3
31825,21131,4
31825,20726,3
31825,20691,5
31825,20573,10
31825,20528,18
31825,19157,9
31825,17801,3
31825,17535,19
31825,17058,5
31825,16349,7
31825,15697,39
31825,14590,3
31825,14029,3
31825,13756,4
31825,13612,7
31825,13146,5
31825,10764,3
32250,164112,3
32250,164042,16
32250,153994,10
32250,102624,5
32250,45116,4
32250,29631,9
32250,23220,4
32250,21620,6
32250,21131,6
32250,20993,4
32250,20133,6
32250,16778,5
32250,15979,3
32250,14996,9
32250,14846,7
32250,13986,3
32250,13612,3
32250,13538,6
32250,13503,3
32250,11917,5
32250,10764,5
32484,174427,4
32484,164112,8
32484,164042,7
32484,153994,7
32484,102707,5
32484,102624,7
32484,28393,7
32484,28267,3
32484,25100,8
32484,24817,3
32484,24702,5
32484,24142,8
32484,23894,3
32484,21841,6
32484,21620,6
32484,20993,3
32484,20726,5
32484,20485,3
32484,20133,5
32484,19675,4
32484,19517,3
32484,19461,5
32484,18886,5
32484,18385,3
32484,18384,6
32484,18200,3
32484,16783,4
32484,16587,3
32484,16155,5
32484,15979,8
32484,14996,7
32484,13986,6
32484,13682,7
32484,12752,3
32484,11917,7
32624,153199,5
32624,100784,8
32624,28291,3
32624,26842,7
32624,25532,9
32624,25051,3
32624,24649,3
32624,23571,5
32624,23041,4
32624,23027,5
32624,22947,8
32624,22489,3
32624,22388,5
32624,22354,4
32624,21418,6
32624,21064,3
32624,20462,23
32624,18816,9
32624,18736,11
32624,18247,3
32624,17127,4
32624,16139,3
32624,15910,3
32624,15656,3
32624,14132,4
32624,13678,8
32624,13353,4
32624,12785,18
32624,12312,7
32624,10699,13
32624,10468,4
32624,10170,9
34017,166827,3
34017,164554,4
34017,157517,7
34017,103483,5
34017,102708,3
34017,102018,3
34017,29789,3
34017,29431,4
34017,29350,10
34017,28267,3
34017,27395,13
34017,27381,7
34017,25076,5
34017,24817,8
34017,24151,4
34017,24025,3
34017,23894,6
34017,23767,5
34017,22809,3
34017,22632,8
34017,21892,3
34017,21620,6
34017,20506,5
34017,20376,6
34017,19321,7
34017,18617,6
34017,18384,3
34017,18200,5
34017,17392,12
34017,16587,4
34017,16155,9
34017,16105,4
34017,15979,8
34017,15626,10
34017,15187,5
34017,14308,5
34017,12228,8
34017,11702,11
34017,11563,9
34017,11485,4
34017,10823,4
34017,10764,8
37815,162783,4
37815,159205,3
37815,100784,3
37815,23027,7
37815,22618,6
37815,22388,3
37815,22354,10
37815,20462,8
37815,20199,3
37815,14732,4
37815,14590,17
37815,12954,5
37815,12785,6
37815,12312,7
37815,10699,7
38662,164042,10
38662,158944,3
38662,102942,13
38662,102707,4
38662,22406,26
38662,22246,4
38662,21396,7
38662,21131,8
38662,20573,14
38662,20426,15
38662,20133,9
38662,19553,5
38662,19368,3
38662,19157,28
38662,18886,3
38662,16349,3
38662,13503,3
38678,27702,3
38678,26710,3
38678,26198,3
38678,25992,3
38678,24649,3
38678,24281,3
38678,22191,4
38678,20269,4
38678,19915,4
38678,17273,3
38678,17127,4
38678,16263,7
38678,16122,9
38678,15922,3
38678,15449,3
38678,15132,16
38678,15102,8
38678,14590,7
38678,14029,5
38678,13497,5
38678,13288,7
38678,13224,3
38678,12954,9
38678,12312,30
38678,11702,3
38678,10755,10
38678,10668,11
38678,10468,5
39466,159205,3
39466,36128,3
39466,26710,4
39466,25470,7
39466,22191,16
39466,17273,5
39466,16622,5
39466,16263,4
39466,15922,4
39466,15132,22
39466,14029,6
39466,13678,4
39466,13593,5
39466,13497,3
39466,13288,7
39466,12954,9
39466,12785,3
39466,12312,36
39466,10755,11
39466,10668,18
39466,10468,12
39466,10105,4
41472,164554,4
41472,157517,5
41472,156686,3
41472,103483,11
41472,102708,4
41472,102018,5
41472,29789,6
41472,29431,8
41472,29350,5
41472,28267,8
41472,27395,5
41472,27381,6
41472,25076,4
41472,24817,7
41472,24151,9
41472,23894,8
41472,23767,4
41472,22632,19
41472,21841,6
41472,21686,7
41472,21620,10
41472,20993,3
41472,19321,7
41472,18617,10
41472,17554,4
41472,17392,9
41472,16155,10
41472,15979,5
41472,15626,5
41472,15433,3
41472,14345,3
41472,14308,8
41472,13986,6
41472,12228,15
41472,11702,3
41472,11563,12
41472,10823,7
41472,10764,10
45283,163855,21
45283,162783,8
45283,159067,4
45283,158944,7
45283,154886,3
45283,102942,6
45283,30232,3
45283,29631,5
45283,29564,3
45283,26781,5
45283,24649,8
45283,24512,4
45283,23612,3
45283,23115,4
45283,23041,3
45283,22641,9
45283,22618,5
45283,22406,9
45283,22354,10
45283,22246,6
45283,21677,3
45283,21600,3
45283,21430,7
45283,21396,14
45283,20726,3
45283,20691,6
45283,20528,4
45283,20462,29
45283,20199,6
45283,20131,3
45283,19553,6
45283,19157,7
45283,18952,6
45283,17516,5
45283,15697,8
45283,14026,4
45283,13756,4
45283,12954,4
45283,10699,6
50274,164042,7
50274,163855,7
50274,158944,13
50274,154886,11
50274,154880,6
50274,102942,5
50274,45116,10
50274,40514,5
50274,30232,3
50274,28393,5
50274,26842,3
50274,24512,4
50274,24483,17
50274,23612,3
50274,22641,19
50274,22618,3
50274,22406,24
50274,22246,6
50274,21600,11
50274,21430,4
50274,21396,11
50274,20691,12
50274,20573,10
50274,20462,43
50274,20426,8
50274,20199,3
50274,20102,6
50274,19817,7
50274,19553,10
50274,19157,15
50274,19116,3
50274,16778,3
50274,16349,4
50274,15656,4
50274,14732,3
50274,14132,4
55360,169911,4
55360,164042,3
55360,159206,14
55360,157193,11
55360,154880,5
55360,154207,9
55360,40514,3
55360,29631,7
55360,28393,3
55360,24483,3
55360,22618,6
55360,22406,6
55360,22328,4
55360,21131,3
55360,20573,8
55360,20276,4
55360,20199,6
55360,20133,11
55360,19157,11
55360,19116,6
55360,18385,3
55360,17607,4
55360,16778,3
55360,16121,3
55360,15483,11
55360,14580,5
55360,14314,3
55360,13612,5
55360,13503,4
55360,13339,8
55360,13148,6
55360,12752,4
154442,155062,6
154442,25470,13
154442,25012,4
154442,23563,7
154442,22150,4
154442,20334,4
154442,19386,12
154442,19342,13
154442,17119,14
154442,15850,7
154442,15751,3
154442,15180,3
154442,14740,7
154442,14029,11
154442,14026,5
154442,13799,4
154442,13593,11
154442,13435,13
154442,13288,13
154442,12785,6
154442,12469,9
154442,12312,3
154442,11702,9
154442,10755,22
154442,10699,12
154442,10611,19
15638,166827,3
15638,155062,3
15638,154056,3
15638,40030,4
15638,37455,4
15638,28429,4
15638,27485,3
15638,26710,12
15638,26584,8
15638,25992,3
15638,25768,9
15638,25470,12
15638,23561,5
15638,23286,7
15638,22532,11
15638,22191,9
15638,20170,10
15638,20164,16
15638,19663,5
15638,18736,3
15638,18680,7
15638,18211,11
15638,17631,3
15638,17410,3
15638,17273,7
15638,16622,34
15638,15751,13
15638,15626,5
15638,15435,49
15638,15433,3
15638,14029,3
15638,13799,3
15638,13678,5
15638,13667,14
15638,13353,3
15638,13288,6
15638,13206,4
15638,13028,6
15638,12954,44
15638,12312,24
15638,12011,7
15638,11066,10
15638,10755,21
15638,10611,30
24184,159900,9
24184,156686,9
24184,154996,5
24184,103483,3
24184,102708,3
24184,30232,4
24184,30035,3
24184,29817,12
24184,28909,5
24184,28684,4
24184,28627,9
24184,28551,3
24184,28267,3
24184,27395,7
24184,26304,4
24184,25878,3
24184,25247,4
24184,25076,8
24184,24817,3
24184,24418,3
24184,23164,4
24184,22632,10
24184,22078,14
24184,21686,6
24184,20269,3
24184,19321,3
24184,18477,6
24184,17855,5
24184,17801,18
24184,17535,12
24184,17058,14
24184,16155,13
24184,16105,8
24184,15697,4
24184,14532,25
24184,13146,4
24184,12228,29
24184,10823,12
156717,166827,19
156717,154056,3
156717,27485,6
156717,25768,3
156717,25588,13
156717,25470,15
156717,23041,3
156717,22532,4
156717,21504,4
156717,21498,14
156717,20164,21
156717,19321,6
156717,18637,3
156717,18367,4
156717,18211,24
156717,17631,3
156717,17410,12
156717,16622,3
156717,16610,27
156717,16247,16
156717,16105,3
156717,15990,4
156717,15751,7
156717,15696,15
156717,15435,26
156717,15433,22
156717,13593,8
156717,12316,26
156717,12312,3
156717,10755,5
156717,10611,49
11860,100988,8
11860,25470,20
11860,24602,9
11860,24356,3
11860,23755,5
11860,23563,3
11860,22191,4
11860,21418,7
11860,20462,5
11860,20149,5
11860,20027,7
11860,18952,4
11860,17273,6
11860,16185,7
11860,14029,16
11860,13593,7
11860,13497,3
11860,13288,6
11860,13206,8
11860,12785,6
11860,12469,3
11860,12312,23
11860,12011,9
11860,10755,51
11860,10699,10
11860,10668,5
11860,10632,3
11860,10611,10
11860,10468,4
11860,10170,20
11860,10105,32
12852,157726,14
12852,153286,4
12852,100988,7
12852,26374,6
12852,25470,35
12852,25012,8
12852,23755,9
12852,22191,7
12852,21418,12
12852,21208,4
12852,21164,7
12852,21064,3
12852,20149,5
12852,19851,19
12852,19606,4
12852,19386,8
12852,18952,4
12852,17273,10
12852,16185,13
12852,15132,3
12852,14936,3
12852,14740,8
12852,14224,5
12852,14029,25
12852,13678,5
12852,13593,10
12852,13435,13
12852,13288,10
12852,13224,3
12852,12469,9
12852,12312,22
12852,10755,32
12852,10668,5
12852,10611,15
12852,10170,13
12852,10105,6
14627,163855,3
14627,159205,7
14627,26414,3
14627,25897,4
14627,19915,6
14627,15697,3
14627,15449,5
14627,15132,9
14627,15102,6
14627,14590,25
14627,14026,3
14627,13497,3
14627,13353,3
14627,12954,11
14627,12312,13
14627,11563,10
14627,10668,16
14627,10468,6
15425,40030,9
15425,26710,9
15425,26584,8
15425,26374,4
15425,26198,4
15425,25470,18
15425,23954,3
15425,23265,4
15425,22191,22
15425,20401,3
15425,19851,8
15425,19386,4
15425,17273,7
15425,17119,4
15425,16263,6
15425,16185,14
15425,15132,3
15425,15102,3
15425,14740,7
15425,14029,35
15425,13288,8
15425,13224,3
15425,12312,13
15425,11563,6
15425,10755,6
15425,10611,6
15425,10105,7
17388,25470,30
17388,21686,4
17388,21504,9
17388,21498,12
17388,17119,4
17388,16263,6
17388,16166,13
17388,15990,6
17388,15850,7
17388,15696,25
17388,15433,26
17388,14029,26
17388,13593,4
17388,13224,7
17388,12316,22
17388,11702,21
17388,11563,18
17388,10755,4
17388,10611,10
17425,163855,5
17425,159205,9
17425,152682,4
17425,28915,4
17425,27244,5
17425,26295,10
17425,25992,7
17425,25192,7
17425,24281,7
17425,20269,4
17425,19454,8
17425,16122,6
17425,15697,4
17425,15449,7
17425,15132,6
17425,15102,4
17425,14590,25
17425,13224,3
17425,12954,12
17425,12312,16
17425,11702,5
17425,11563,12
17425,10699,8
17425,10468,5
17724,27485,3
17724,25470,24
17724,21686,17
17724,21504,19
17724,21498,4
17724,20506,3
17724,19321,5
17724,18680,3
17724,18367,6
17724,17554,4
17724,17516,3
17724,17119,5
17724,16166,10
17724,15990,3
17724,15850,6
17724,15696,26
17724,15433,34
17724,14029,15
17724,12316,6
17724,11702,8
17724,11563,13
17724,10755,5
17724,10611,11
17879,100988,4
17879,40030,4
17879,27244,9
17879,26374,4
17879,26198,11
17879,25992,3
17879,25470,3
17879,25012,3
17879,24602,3
17879,23265,8
17879,22191,8
17879,19915,3
17879,19851,4
17879,17273,3
17879,16622,8
17879,16263,8
17879,16122,6
17879,15449,9
17879,15132,7
17879,15102,8
17879,14029,13
17879,13288,16
17879,12312,39
17879,10755,4
17879,10668,5
17879,10611,3
17879,10468,14
17879,10105,6
18213,159900,3
18213,159288,3
18213,156686,3
18213,152682,4
18213,152391,3
18213,102708,4
18213,30487,4
18213,29564,6
18213,28585,6
18213,28267,3
18213,27950,5
18213,25261,8
18213,25247,5
18213,24895,3
18213,21677,7
18213,20726,4
18213,20528,3
18213,19588,3
18213,17855,8
18213,17801,9
18213,17527,3
18213,17058,4
18213,16105,9
18213,15697,43
18213,15132,3
18213,14590,16
18213,13756,5
18213,13612,24
18213,13538,5
18213,13224,3
18213,12452,11
18213,11702,11
18213,11563,9
18213,10823,13
18213,10294,3
18837,40030,3
18837,26198,3
18837,25470,32
18837,22191,6
18837,17273,13
18837,16622,5
18837,16263,4
18837,15435,5
18837,15433,4
18837,14029,33
18837,13593,11
18837,12337,3
18837,11563,4
18837,10755,10
18837,10611,6
20183,154880,3
20183,153286,3
20183,153199,6
20183,102746,3
20183,40514,5
20183,22641,14
20183,22618,8
20183,22489,3
20183,22388,4
20183,22354,3
20183,21251,3
20183,20462,28
20183,20309,3
20183,20131,3
20183,20027,5
20183,18816,8
20183,18736,4
20183,14729,3
20183,14132,8
20183,13678,10
20183,13497,8
20183,13377,3
20183,13353,3
20183,13266,9
20183,12954,3
20183,12785,14
20183,12312,15
20183,10755,6
20183,10170,8
20875,40030,6
20875,26710,14
20875,26584,4
20875,26374,3
20875,26198,11
20875,25992,7
20875,25517,3
20875,23954,5
20875,23265,4
20875,22191,13
20875,20401,12
20875,19386,7
20875,19342,7
20875,16263,10
20875,16185,3
20875,16122,11
20875,15132,5
20875,15102,9
20875,14224,6
20875,14029,30
20875,13288,7
20875,12312,32
20875,12092,7
20875,10294,4
21758,164042,5
21758,154122,4
21758,153994,3
21758,102708,4
21758,102707,16
21758,25219,4
21758,25100,9
21758,24817,12
21758,24702,6
21758,24151,3
21758,24142,4
21758,24025,8
21758,23894,8
21758,22307,18
21758,21830,10
21758,21131,5
21758,20334,11
21758,19498,5
21758,18931,4
21758,18886,16
21758,18729,14
21758,18637,7
21758,18617,8
21758,18514,4
21758,18385,10
21758,18367,7
21758,17715,12
21758,17704,8
21758,17607,7
21758,17410,4
21758,15979,17
21758,15125,6
21758,13339,6
21758,12752,19
21758,10764,4
21899,163855,12
21899,159205,11
21899,100784,4
21899,30487,6
21899,23725,4
21899,22388,4
21899,22354,3
21899,20462,7
21899,20027,3
21899,18816,6
21899,16622,5
21899,12954,4
21899,12785,9
21899,12312,12
21899,10699,27
21899,10632,8
23938,169911,3
23938,164554,3
23938,163855,3
23938,159288,3
23938,156686,5
23938,154996,14
23938,102018,3
23938,30035,4
23938,29817,3
23938,28909,6
23938,28627,4
23938,27381,3
23938,26304,8
23938,25076,3
23938,23767,7
23938,23529,3
23938,22632,10
23938,21686,9
23938,21620,11
23938,20170,5
23938,18200,8
23938,17535,7
23938,17392,6
23938,17058,4
23938,16512,3
23938,16155,8
23938,15979,3
23938,14532,3
23938,14308,4
23938,14029,3
23938,12228,34
23938,12092,7
23938,11702,8
23938,11563,7
23938,10823,3
23938,10699,4
24291,163855,5
24291,152391,3
24291,40030,7
24291,36128,7
24291,28684,4
24291,28551,4
24291,26903,3
24291,26710,11
24291,26584,4
24291,26414,3
24291,26295,3
24291,26198,6
24291,25992,5
24291,25585,10
24291,25192,7
24291,24895,4
24291,24281,3
24291,23954,13
24291,23658,3
24291,22191,22
24291,20401,11
24291,20170,7
24291,19454,6
24291,17273,11
24291,16622,3
24291,16512,4
24291,16381,4
24291,16263,7
24291,16168,5
24291,16122,33
24291,15411,7
24291,15132,3
24291,15102,4
24291,14740,9
24291,14590,3
24291,14026,5
24291,13799,4
24291,13288,7
24291,13028,4
24291,12312,56
24291,12228,7
24291,12092,16
24291,10668,4
24291,10468,13
24304,40030,5
24304,36128,3
24304,28915,10
24304,28684,3
24304,28551,5
24304,26710,3
24304,26295,5
24304,26198,3
24304,25192,19
24304,22618,5
24304,20269,4
24304,19915,4
24304,19454,7
24304,17273,4
24304,16783,3
24304,16512,3
24304,16263,5
24304,16122,14
24304,15132,12
24304,15102,5
24304,14590,4
24304,13288,4
24304,12954,8
24304,12312,28
24304,10668,19
29744,163855,5
29744,162783,6
29744,159205,24
29744,159085,4
29744,158710,3
29744,27244,7
29744,20462,3
29744,19454,8
29744,15697,3
29744,15449,7
29744,15132,4
29744,14590,17
29744,12954,11
29744,12785,4
29744,12312,3
29744,10699,7
29744,10668,6
30293,29789,3
30293,26710,3
30293,25588,6
30293,22632,3
30293,21504,6
30293,20401,19
30293,18384,3
30293,16512,10
30293,16263,8
30293,15850,4
30293,15132,15
30293,14029,6
30293,12228,3
31353,162783,3
31353,158944,11
31353,102942,7
31353,22406,5
31353,21726,3
31353,21677,5
31353,21600,3
31353,21430,3
31353,21396,13
31353,21131,10
31353,20726,7
31353,20573,8
31353,20462,4
31353,20426,5
31353,20199,4
31353,19553,8
31353,19157,12
31353,17704,3
31353,16349,10
31353,15697,10
31353,14026,4
31353,13756,7
31535,163855,8
31535,159085,4
31535,158944,7
31535,153199,5
31535,27702,6
31535,26842,3
31535,25897,4
31535,22947,4
31535,22388,18
31535,22354,10
31535,20462,22
31535,20199,6
31535,17127,3
31535,15449,6
31535,15092,9
31535,14590,11
31535,13288,5
31535,12312,7
31535,10755,3
31535,10699,33
31535,10632,17
31535,10468,4
31535,10170,5
31535,10098,6
32739,164554,4
32739,164112,7
32739,159900,7
32739,156686,3
32739,152391,4
32739,102624,5
32739,30232,6
32739,30035,4
32739,28909,4
32739,28627,7
32739,28585,12
32739,26781,3
32739,25878,7
32739,25100,5
32739,25076,4
32739,23767,3
32739,23164,3
32739,21620,3
32739,20726,4
32739,20691,3
32739,20528,7
32739,17535,5
32739,17527,3
32739,17058,8
32739,16783,4
32739,15697,22
32739,14590,9
32739,13986,4
32739,13612,16
32739,13538,4
32739,12452,13
32739,11702,3
32739,11563,14
32739,10823,18
39602,159205,3
39602,159067,4
39602,152682,3
39602,36128,5
39602,28915,5
39602,28684,3
39602,27665,5
39602,27244,3
39602,26295,4
39602,25585,3
39602,25192,12
39602,20269,8
39602,19454,4
39602,16783,4
39602,16122,10
39602,15449,8
39602,15132,4
39602,15102,7
39602,14590,17
39602,14029,4
39602,13497,4
39602,13288,4
39602,13224,6
39602,12954,3
39602,12312,34
39602,11702,6
39602,10668,10
39602,10468,11
39602,10294,4
39678,27485,3
39678,25470,9
39678,24151,5
39678,22632,4
39678,21686,10
39678,21504,17
39678,21498,5
39678,20401,8
39678,19321,4
39678,18200,3
39678,17516,4
39678,17199,3
39678,16610,5
39678,16263,7
39678,16166,11
39678,15990,10
39678,15850,7
39678,15696,16
39678,15433,23
39678,14224,5
39678,14029,27
39678,13593,6
39678,12316,15
39678,11702,12
39678,11563,18
39678,10755,6
39678,10611,3
42026,164554,3
42026,159288,8
42026,154996,8
42026,103483,3
42026,102708,4
42026,30232,5
42026,29350,3
42026,28909,6
42026,27395,3
42026,26304,6
42026,25878,11
42026,25261,4
42026,25076,10
42026,24817,3
42026,24151,3
42026,23767,6
42026,23529,3
42026,21677,4
42026,21620,3
42026,20726,3
42026,20376,5
42026,18886,4
42026,18617,6
42026,18200,3
42026,17801,4
42026,17535,18
42026,17392,20
42026,17058,10
42026,16155,8
42026,16105,4
42026,15697,13
42026,14308,7
42026,14224,3
42026,13986,4
42026,13682,4
42026,12228,24
42026,11702,10
42026,11563,7
42026,10823,20
42026,10764,8
42026,10699,3
42571,166827,3
42571,103483,3
42571,102018,6
42571,30748,4
42571,29789,7
42571,29350,3
42571,27395,3
42571,27381,4
42571,24817,3
42571,24151,8
42571,23767,3
42571,22632,12
42571,21892,4
42571,21686,26
42571,21620,3
42571,21504,22
42571,20506,3
42571,20376,3
42571,20170,3
42571,19321,6
42571,18617,3
42571,18384,4
42571,18200,5
42571,17633,3
42571,17554,4
42571,17392,4
42571,15979,5
42571,15696,6
42571,15626,4
42571,15433,8
42571,14026,3
42571,12312,4
42571,12228,16
42571,11702,5
42571,11563,12
42571,10823,13
42571,10764,3
42571,10699,3
43904,163855,6
43904,154880,8
43904,153286,8
43904,102942,7
43904,24512,5
43904,24483,26
43904,23041,5
43904,22641,28
43904,22618,4
43904,22406,21
43904,22354,8
43904,22246,4
43904,21430,3
43904,21396,9
43904,20691,7
43904,20573,3
43904,20462,46
43904,20199,9
43904,20131,8
43904,19817,7
43904,19553,7
43904,19157,11
43904,18247,11
43904,16139,7
43904,15697,4
43904,15656,13
43904,14132,7
47873,153286,4
47873,102746,3
47873,40514,5
47873,28291,5
47873,22947,4
47873,22618,9
47873,22388,3
47873,22354,3
47873,21827,3
47873,20462,17
47873,20309,9
47873,20131,8
47873,18952,3
47873,14729,4
47873,14029,3
47873,13678,4
47873,13497,4
47873,13353,9
47873,13266,3
47873,12785,3
47873,12312,16
48571,169911,6
48571,159900,8
48571,159288,4
48571,154996,4
48571,152391,6
48571,102708,4
48571,30232,9
48571,30035,4
48571,29817,9
48571,28909,10
48571,28627,5
48571,28585,3
48571,28267,7
48571,27395,3
48571,26304,4
48571,25878,9
48571,25261,4
48571,24895,5
48571,23771,6
48571,23767,3
48571,22632,3
48571,21620,3
48571,20993,9
48571,20528,4
48571,20376,6
48571,17801,3
48571,17554,4
48571,17535,22
48571,17392,4
48571,17058,9
48571,16783,4
48571,16155,16
48571,16105,6
48571,15697,18
48571,14590,4
48571,14224,3
48571,13986,5
48571,13682,3
48571,13612,3
48571,13538,11
48571,12228,10
48571,12092,3
48571,11702,7
48571,11563,13
48571,10823,17
49001,169911,3
49001,164554,3
49001,164112,3
49001,159288,3
49001,156686,3
49001,154996,9
49001,30035,6
49001,29817,7
49001,28585,3
49001,28267,5
49001,27950,3
49001,26304,13
49001,25878,4
49001,25261,4
49001,25076,3
49001,24895,3
49001,23767,5
49001,23164,3
49001,21620,4
49001,20993,7
49001,20726,4
49001,20528,3
49001,20376,7
49001,18200,9
49001,17855,3
49001,17535,28
49001,17392,5
49001,17058,10
49001,16512,3
49001,16155,12
49001,15697,25
49001,14532,3
49001,13682,5
49001,13612,4
49001,13538,3
49001,12452,6
49001,12228,19
49001,12092,4
49001,11702,7
49001,11563,6
49001,10823,19
53614,155062,4
53614,25470,7
53614,23563,3
53614,22150,9
53614,19386,8
53614,19342,6
53614,17119,30
53614,16166,5
53614,15990,7
53614,15850,13
53614,14029,21
53614,14026,7
53614,13799,11
53614,13593,10
53614,13539,4
53614,13435,19
53614,13288,3
53614,13224,3
53614,11702,11
53614,11563,10
53614,10755,19
53614,10611,18
13325,163855,4
13325,159205,11
13325,28915,8
13325,27702,4
13325,27665,5
13325,27244,9
13325,26295,7
13325,25192,11
13325,20269,3
13325,19915,4
13325,19454,10
13325,18736,5
13325,17127,3
13325,16622,4
13325,16122,3
13325,15132,16
13325,14590,28
13325,12954,14
13325,12312,35
13325,11702,6
13325,11563,6
13325,10699,20
13325,10668,16
13325,10632,8
13325,10468,27
13325,10451,3
15420,25470,6
15420,25142,6
15420,23443,3
15420,22150,7
15420,21631,8
15420,21303,5
15420,20170,4
15420,19851,5
15420,19386,3
15420,19342,3
15420,17119,28
15420,16263,3
15420,16166,17
15420,15990,30
15420,15850,15
15420,15536,4
15420,14224,3
15420,14029,37
15420,13593,4
15420,13539,6
15420,13435,5
15420,12316,14
15420,11702,21
15420,11563,32
15420,10755,3
15420,10699,10
15420,10611,6
15420,10451,7
19470,155062,3
19470,40030,7
19470,27665,3
19470,26710,8
19470,26198,3
19470,25992,3
19470,25848,4
19470,25247,4
19470,23954,4
19470,22191,10
19470,20401,22
19470,19342,3
19470,17273,4
19470,16512,4
19470,16263,16
19470,16166,5
19470,16122,5
19470,15922,3
19470,15132,19
19470,15102,5
19470,14224,4
19470,14029,19
19470,13288,7
19470,12092,4
19470,10755,5
19470,10451,3
19470,10334,3
23961,40030,7
23961,36128,3
23961,26710,9
23961,25992,5
23961,25848,9
23961,25517,3
23961,25192,4
23961,23563,3
23961,23265,5
23961,22191,5
23961,20401,8
23961,19386,4
23961,19342,4
23961,16263,12
23961,16122,11
23961,15433,3
23961,15132,3
23961,15102,5
23961,14029,32
23961,13288,4
23961,12312,26
23961,12092,6
23961,10755,6
23961,10294,3
24290,169911,3
24290,154996,10
24290,28267,8
24290,27395,6
24290,26304,7
24290,25076,6
24290,24702,3
24290,24241,3
24290,24151,10
24290,23894,4
24290,23771,7
24290,23767,10
24290,23164,4
24290,22632,9
24290,21892,3
24290,21841,4
24290,21686,10
24290,21620,3
24290,21504,7
24290,20993,4
24290,20269,4
24290,20170,4
24290,19454,4
24290,18617,6
24290,18200,5
24290,17535,6
24290,17392,3
24290,17058,3
24290,15626,4
24290,12228,27
24290,12092,7
24290,11563,10
24290,10764,7
25315,159288,3
25315,159205,5
25315,158815,3
25315,152682,3
25315,152391,5
25315,36128,5
25315,28915,7
25315,28684,7
25315,28551,6
25315,27244,5
25315,26414,6
25315,26295,8
25315,25992,4
25315,25585,3
25315,25192,15
25315,24151,5
25315,23725,3
25315,20528,5
25315,19606,3
25315,19454,8
25315,16783,3
25315,16122,12
25315,15449,4
25315,15132,5
25315,15102,5
25315,14590,29
25315,12954,3
25315,12312,30
25315,12244,3
25315,11563,8
25315,10699,9
25315,10668,7
25315,10468,4
25568,159900,4
25568,103483,3
25568,102708,5
25568,36128,4
25568,28684,7
25568,28627,4
25568,28551,4
25568,28267,3
25568,28235,4
25568,27950,3
25568,26304,6
25568,25261,5
25568,24328,5
25568,23771,4
25568,20993,3
25568,20691,4
25568,20528,5
25568,20376,4
25568,17801,13
25568,17535,16
25568,17058,3
25568,16512,7
25568,16155,5
25568,15697,27
25568,14590,5
25568,13612,6
25568,12452,4
25568,12228,3
25568,12092,4
25568,11702,3
25568,11563,5
25568,10823,15
26525,158815,7
26525,157206,4
26525,40030,5
26525,27485,3
26525,27395,4
26525,25848,3
26525,25588,5
26525,24151,8
26525,22632,4
26525,21892,3
26525,21686,12
26525,21504,7
26525,20401,15
26525,18188,4
26525,16512,10
26525,16263,22
26525,15990,4
26525,15132,17
26525,14029,7
26525,12228,7
26525,12092,4
27278,100988,3
27278,40030,5
27278,36128,3
27278,28551,4
27278,26710,4
27278,26414,4
27278,26295,6
27278,25992,4
27278,25848,3
27278,25585,8
27278,25192,11
27278,24151,4
27278,23164,3
27278,22191,9
27278,20401,4
27278,17273,3
27278,16512,5
27278,16263,9
27278,16122,13
27278,15132,12
27278,14590,3
27278,14029,8
27278,13288,4
27278,12312,3
27278,12092,3
151741,158815,5
151741,100988,3
151741,40030,6
151741,37455,3
151741,25848,3
151741,24151,3
151741,23164,3
151741,22632,8
151741,21929,3
151741,21686,10
151741,21504,7
151741,21303,4
151741,20401,16
151741,18701,3
151741,18680,3
151741,16783,4
151741,16512,4
151741,16263,12
151741,16166,9
151741,15990,10
151741,15850,12
151741,15132,5
151741,14224,4
151741,14029,15
151741,12228,4
151741,12216,3
151741,12092,12
151741,11563,7
14861,157443,3
14861,153286,3
14861,28291,4
14861,25470,7
14861,21418,5
14861,21064,7
14861,18952,3
14861,17273,3
14861,15922,9
14861,15435,18
14861,15390,3
14861,13593,13
14861,13353,4
14861,12785,9
14861,12337,4
14861,12312,15
14861,12011,4
14861,10755,22
14861,10611,10
14861,10105,4
15293,153199,5
15293,22947,7
15293,22641,4
15293,22618,14
15293,22388,4
15293,20462,6
15293,20309,4
15293,18816,3
15293,15656,4
15293,14732,3
15293,14729,4
15293,14132,6
15293,13678,6
15293,13497,3
15293,12312,22
15725,157443,16
15725,27485,4
15725,25470,20
15725,21498,5
15725,21064,4
15725,17273,3
15725,15922,9
15725,15696,3
15725,15435,13
15725,14029,13
15725,13593,18
15725,12337,5
15725,12312,4
15725,10755,8
15725,10611,15
16104,164112,3
16104,164042,9
16104,22406,30
16104,22246,3
16104,21726,3
16104,21131,3
16104,20573,15
16104,20426,6
16104,19368,5
16104,19157,19
16104,19116,3
16104,18886,5
16104,18729,4
16104,18385,3
16104,17704,11
16104,16349,12
16104,12752,6
16157,164554,4
16157,159900,3
16157,159288,9
16157,156686,5
16157,103483,7
16157,102942,7
16157,30232,3
16157,30035,5
16157,28627,3
16157,28585,8
16157,28267,6
16157,27395,3
16157,27381,4
16157,25076,5
16157,22078,15
16157,21677,3
16157,21430,9
16157,20573,3
16157,20376,7
16157,20269,6
16157,20170,4
16157,19321,4
16157,18729,3
16157,18477,7
16157,17801,9
16157,17535,10
16157,17058,4
16157,16155,5
16157,16105,6
16157,15626,4
16157,14532,8
16157,13146,3
16157,12228,9
22052,27161,6
22052,25768,4
22052,23286,7
22052,22532,6
22052,20164,11
22052,20149,4
22052,19663,3
22052,18736,3
22052,18211,16
22052,17410,6
22052,17273,7
22052,16139,3
22052,15751,3
22052,15435,37
22052,15433,3
22052,14026,11
22052,13678,16
22052,13667,8
22052,13593,6
22052,13497,19
22052,13377,4
22052,13353,11
22052,13266,6
22052,13206,5
22052,13028,9
22052,12954,24
22052,12785,42
22052,12337,3
22052,12312,22
22052,12011,16
22052,10755,15
22052,10611,7
22362,163855,8
22362,159288,4
22362,153286,3
22362,28291,4
22362,23725,4
22362,23115,3
22362,22489,7
22362,22354,10
22362,22191,3
22362,20462,11
22362,18816,15
22362,18736,15
22362,18247,3
22362,13678,19
22362,13353,3
22362,13266,5
22362,12954,3
22362,12785,13
22362,12312,30
22838,166827,3
22838,157443,3
22838,155062,8
22838,40030,12
22838,37455,6
22838,28429,3
22838,27485,4
22838,26710,11
22838,26584,4
22838,25768,16
22838,25588,4
22838,25470,17
22838,24555,7
22838,23561,4
22838,22532,12
22838,22191,8
22838,21892,3
22838,20506,5
22838,20401,3
22838,20170,16
22838,20164,5
22838,18680,16
22838,18211,9
22838,17410,6
22838,17273,3
22838,16622,16
22838,16610,5
22838,16247,4
22838,15922,5
22838,15696,6
22838,15626,5
22838,15435,29
22838,15433,5
22838,14029,4
22838,13799,8
22838,13667,4
22838,13593,8
22838,13497,3
22838,13288,7
22838,13206,5
22838,13028,3
22838,12954,18
22838,12312,24
22838,12011,3
22838,10755,11
22838,10611,39
23640,166827,6
23640,159288,3
23640,158815,3
23640,40030,7
23640,37455,19
23640,30168,4
23640,28684,3
23640,27485,14
23640,26710,6
23640,26584,5
23640,25768,13
23640,25588,11
23640,25470,9
23640,25192,4
23640,23954,5
23640,22532,9
23640,22191,8
23640,21892,10
23640,21504,21
23640,21498,15
23640,20506,6
23640,20401,14
23640,20170,14
23640,18680,7
23640,17631,6
23640,16622,28
23640,16610,21
23640,16263,10
23640,16185,3
23640,15922,3
23640,15696,5
23640,15435,10
23640,15433,9
23640,14740,3
23640,14590,3
23640,13667,6
23640,13593,12
23640,13288,6
23640,13028,3
23640,12312,7
23640,12092,5
23640,12011,3
23640,11066,10
23640,10611,16
23640,10468,3
23640,10451,4
23640,10334,5
28621,164042,11
28621,159247,5
28621,159206,7
28621,157193,8
28621,154880,5
28621,153640,6
28621,102707,4
28621,102624,3
28621,45116,5
28621,29789,3
28621,29631,7
28621,28393,3
28621,27950,4
28621,24483,7
28621,23894,5
28621,23538,3
28621,22641,6
28621,22618,3
28621,22406,3
28621,22328,9
28621,22307,16
28621,21131,7
28621,20573,6
28621,20426,3
28621,20334,5
28621,20276,3
28621,20199,8
28621,20133,5
28621,19368,11
28621,19157,14
28621,19116,4
28621,19033,8
28621,18931,3
28621,18886,7
28621,18816,3
28621,18385,13
28621,17715,6
28621,17704,20
28621,17607,5
28621,16778,8
28621,16349,15
28621,16121,10
28621,15910,7
28621,15880,5
28621,15125,4
28621,13503,3
28621,13339,5
28621,12752,5
28621,11344,5
30562,27485,3
30562,25470,6
30562,23571,3
30562,22532,4
30562,21064,3
30562,20164,15
30562,20051,3
30562,19606,5
30562,18680,4
30562,18211,36
30562,17631,7
30562,17410,9
30562,16247,4
30562,15696,20
30562,15435,58
30562,15433,7
30562,15390,3
30562,14026,3
30562,13799,3
30562,13593,3
30562,13206,6
30562,12954,4
30562,12316,4
30562,12312,5
30562,12011,3
30562,10755,12
30562,10611,23
30637,166827,3
30637,27485,7
30637,25470,12
30637,22618,4
30637,21892,3
30637,21686,9
30637,21504,7
30637,21498,16
30637,20506,6
30637,19321,6
30637,18680,5
30637,18637,20
30637,18367,10
30637,17410,3
30637,16610,7
30637,15696,26
30637,15435,6
30637,15433,25
30637,15390,3
30637,13593,6
30637,12316,15
30637,10755,13
30637,10611,14
31563,166827,8
31563,156686,3
31563,154670,4
31563,154312,3
31563,154122,6
31563,102707,8
31563,35927,5
31563,29631,4
31563,29350,4
31563,25219,5
31563,25100,7
31563,24817,16
31563,24702,5
31563,24142,8
31563,24025,12
31563,23894,7
31563,23220,8
31563,22809,5
31563,22532,5
31563,22307,6
31563,21892,3
31563,21830,4
31563,21686,7
31563,20506,7
31563,20334,7
31563,20051,12
31563,19517,8
31563,19498,3
31563,19321,29
31563,18931,3
31563,18886,10
31563,18729,3
31563,18637,22
31563,18617,10
31563,18385,3
31563,18384,4
31563,18367,34
31563,17704,3
31563,17554,3
31563,16610,9
31563,16531,4
31563,16247,6
31563,15979,22
31563,15970,6
31563,15626,5
31563,15433,8
31563,13661,5
31563,13224,5
31563,13146,3
31563,12752,9
31563,12312,3
31563,10764,27
32006,164554,20
32006,164112,5
32006,159900,10
32006,159288,5
32006,156686,6
32006,103483,10
32006,102942,9
32006,102708,3
32006,102707,3
32006,30035,5
32006,29789,4
32006,28909,5
32006,28585,4
32006,28267,12
32006,28235,5
32006,27395,4
32006,27381,4
32006,25261,8
32006,25100,8
32006,25076,9
32006,23529,4
32006,22632,3
32006,22078,14
32006,21430,3
32006,20376,11
32006,20269,16
32006,19321,4
32006,18477,4
32006,17801,10
32006,17535,8
32006,17058,4
32006,16155,13
32006,16105,15
32006,14532,16
32006,14224,3
32006,12228,6
35096,159206,8
35096,157193,3
35096,154880,4
35096,153640,4
35096,29631,11
35096,28393,4
35096,24483,7
35096,24455,8
35096,22641,8
35096,22618,9
35096,22307,4
35096,20573,6
35096,20276,4
35096,20170,5
35096,19498,5
35096,19368,5
35096,19157,8
35096,19116,6
35096,19033,13
35096,18816,3
35096,18729,5
35096,18385,10
35096,18247,7
35096,17607,8
35096,16778,15
35096,16349,9
35096,16121,5
35096,15880,7
35096,15483,10
35096,13573,5
35096,13503,11
35096,13339,8
37495,174427,17
37495,169911,3
37495,164042,10
37495,159900,3
37495,156686,7
37495,154122,10
37495,103483,5
37495,102708,14
37495,102707,5
37495,45116,8
37495,40030,4
37495,29631,6
37495,28393,4
37495,28235,6
37495,27030,7
37495,25261,9
37495,25100,5
37495,24817,9
37495,24402,3
37495,24142,5
37495,24056,3
37495,24025,3
37495,23529,13
37495,22809,7
37495,22307,21
37495,22196,3
37495,21830,3
37495,21620,6
37495,21131,7
37495,20726,4
37495,20573,9
37495,20528,7
37495,20334,4
37495,20133,9
37495,19498,5
37495,19433,3
37495,19321,3
37495,19116,5
37495,18931,7
37495,18886,10
37495,18729,9
37495,18617,3
37495,18514,5
37495,18385,6
37495,17715,3
37495,17704,13
37495,17607,11
37495,17535,5
37495,17392,3
37495,17058,3
37495,16121,5
37495,15979,9
37495,15910,3
37495,15125,9
37495,13756,4
37495,13339,6
37495,13224,3
37495,12752,19
37495,12452,3
37495,11917,4
39485,166827,14
39485,25219,11
39485,25100,3
39485,25019,4
39485,24843,4
39485,24817,4
39485,23894,6
39485,23022,4
39485,22632,11
39485,22532,3
39485,22328,3
39485,21892,6
39485,21686,13
39485,21504,13
39485,21498,7
39485,21360,5
39485,20506,13
39485,20462,5
39485,20248,3
39485,20051,24
39485,19321,13
39485,18931,3
39485,18637,24
39485,18367,26
39485,17410,34
39485,16610,3
39485,16247,7
39485,15970,8
39485,15880,4
39485,15751,7
39485,15626,4
39485,15433,3
39485,11628,7
39485,10775,3
39485,10764,50
55504,159288,6
55504,102942,3
55504,40030,9
55504,37455,18
55504,27485,8
55504,26710,20
55504,26584,7
55504,25768,13
55504,25588,11
55504,25517,4
55504,25470,5
55504,23561,4
55504,23529,3
55504,22532,4
55504,22191,4
55504,21892,6
55504,21504,14
55504,21498,6
55504,20506,3
55504,20401,13
55504,20170,15
55504,18680,12
55504,18211,3
55504,17554,3
55504,17273,4
55504,16622,40
55504,16610,14
55504,16122,7
55504,15922,3
55504,15696,3
55504,15435,12
55504,15433,8
55504,14590,8
55504,14029,10
55504,13799,6
55504,13678,4
55504,13667,7
55504,13593,4
55504,13497,6
55504,13288,7
55504,13028,8
55504,12954,9
55504,12312,20
55504,12092,4
55504,11523,4
55504,11066,6
55504,10668,6
55504,10611,7
55504,10468,5
55504,10451,3
63568,164042,4
63568,157193,3
63568,154880,6
63568,153640,9
63568,45116,5
63568,24483,17
63568,22641,4
63568,22618,5
63568,22406,17
63568,20573,4
63568,20426,6
63568,19368,5
63568,19157,10
63568,19116,3
63568,19033,10
63568,18385,7
63568,17704,6
63568,16778,5
63568,16349,6
63568,15910,3
63568,15483,20
63568,15125,6
63568,14580,5
63568,14132,7
63568,13661,3
63568,13503,7
63568,13339,3
104282,164554,4
104282,159900,6
104282,156686,8
104282,103483,10
104282,102942,4
104282,102708,10
104282,30232,3
104282,30035,10
104282,29817,3
104282,28909,7
104282,28627,9
104282,28585,7
104282,28551,3
104282,28267,7
104282,27381,7
104282,26304,6
104282,25878,4
104282,25261,7
104282,25100,3
104282,25076,4
104282,23529,7
104282,22632,3
104282,22078,8
104282,21430,4
104282,20269,10
104282,18477,5
104282,17801,7
104282,17535,9
104282,17058,14
104282,16783,3
104282,16155,14
104282,16105,3
104282,15697,9
104282,14532,5
104282,13146,5
104282,12228,29
104282,10823,5
154881,158815,5
154881,157443,6
154881,40030,7
154881,37455,7
154881,27485,9
154881,26584,4
154881,25768,5
154881,25588,16
154881,25470,9
154881,23561,3
154881,22532,6
154881,21929,9
154881,21892,7
154881,21686,5
154881,21504,26
154881,21498,6
154881,21390,5
154881,20506,3
154881,20401,7
154881,20170,10
154881,19454,3
154881,18680,11
154881,17554,3
154881,17421,3
154881,16622,22
154881,16610,23
154881,16263,9
154881,16122,6
154881,15696,7
154881,15435,14
154881,15433,10
154881,14590,6
154881,13667,5
154881,13593,11
154881,13288,13
154881,12954,3
154881,12312,9
154881,12092,3
154881,12011,3
154881,11066,7
154881,10611,16
154881,10451,5
14212,174427,27
14212,166827,28
14212,159900,3
14212,159683,3
14212,156686,6
14212,154122,8
14212,153286,3
14212,102707,12
14212,26084,5
14212,25768,10
14212,25588,14
14212,25261,4
14212,25100,22
14212,24817,14
14212,24702,8
14212,24402,4
14212,24151,5
14212,24025,10
14212,23894,8
14212,23658,4
14212,23529,25
14212,23286,4
14212,23164,5
14212,22632,8
14212,22532,3
14212,21892,34
14212,21686,25
14212,21504,29
14212,20528,4
14212,20506,23
14212,20376,7
14212,20334,4
14212,20170,23
14212,19461,13
14212,19321,12
14212,18886,8
14212,18637,11
14212,18617,18
14212,18435,4
14212,18384,4
14212,18367,23
14212,17801,8
14212,17392,7
14212,17058,8
14212,16610,23
14212,16587,3
14212,16155,10
14212,15979,35
14212,15751,19
14212,15626,6
14212,15433,3
14212,15187,17
14212,15125,8
14212,14559,5
14212,13146,21
14212,12935,4
14212,12752,3
14212,12452,11
14212,12228,21
14212,12092,3
14212,11917,15
14212,10764,7
14212,10611,4
15379,166827,13
15379,27485,3
15379,25470,17
15379,21892,3
15379,21686,13
15379,21504,7
15379,21498,14
15379,21064,3
15379,20506,3
15379,18637,23
15379,18367,15
15379,17631,3
15379,16610,3
15379,15696,30
15379,15435,6
15379,15433,18
15379,13593,4
15379,12316,14
15379,10755,26
15379,10611,22
16331,163855,16
16331,154880,10
16331,28235,5
16331,25585,6
16331,25247,3
16331,24649,4
16331,24512,3
16331,24328,11
16331,22947,3
16331,22406,4
16331,22354,4
16331,20726,4
16331,20573,3
16331,20462,4
16331,20131,15
16331,17801,5
16331,17527,12
16331,17058,3
16331,15697,10
16331,14590,10
16331,14132,3
16331,13612,8
16331,10699,5
16434,164554,5
16434,164112,4
16434,157193,7
16434,102942,6
16434,25100,3
16434,24817,4
16434,24142,4
16434,22632,3
16434,22307,3
16434,22078,4
16434,21677,3
16434,21430,11
16434,20376,4
16434,18931,3
16434,18886,3
16434,18729,6
16434,18477,5
16434,17801,6
16434,17535,5
16434,17058,7
16434,16105,4
16434,14532,4
16434,13756,3
16434,13146,4
16636,166827,7
16636,25768,5
16636,25470,7
16636,21504,8
16636,21498,9
16636,20506,3
16636,20164,17
16636,19321,7
16636,18367,12
16636,18211,26
16636,17631,5
16636,17410,20
16636,16610,12
16636,16247,15
16636,15751,6
16636,15696,19
16636,15626,3
16636,15435,32
16636,15433,38
16636,13667,3
16636,13593,9
16636,13266,3
16636,12954,3
16636,12316,44
16636,10755,8
16636,10611,39
17110,166827,6
17110,26710,3
17110,25588,4
17110,25470,25
17110,21686,20
17110,21504,20
17110,21498,13
17110,20506,3
17110,18637,3
17110,18367,14
17110,16610,6
17110,16166,4
17110,15990,6
17110,15850,3
17110,15696,40
17110,15435,4
17110,15433,30
17110,15390,9
17110,13593,3
17110,12316,14
17110,11702,3
17110,11563,5
17110,10755,4
17110,10611,21
17371,164042,7
17371,102942,5
17371,102707,4
17371,45116,4
17371,29631,4
17371,24817,3
17371,22406,3
17371,22307,18
17371,21430,5
17371,20573,3
17371,20334,4
17371,19553,4
17371,19321,7
17371,19157,5
17371,19033,4
17371,18886,4
17371,18729,8
17371,18385,4
17371,17704,7
17371,17607,7
17371,16349,4
17371,12752,3
18070,166827,6
18070,100988,3
18070,27485,6
18070,25588,4
18070,25470,24
18070,22632,10
18070,22150,5
18070,21892,3
18070,21686,20
18070,21504,26
18070,21498,7
18070,20506,4
18070,20164,4
18070,18680,3
18070,18637,3
18070,18367,4
18070,17119,3
18070,16166,4
18070,15990,5
18070,15850,3
18070,15696,28
18070,15433,19
18070,14029,17
18070,13593,4
18070,12316,13
18070,11702,3
18070,11563,14
18070,10611,11
20531,174427,6
20531,167360,5
20531,166827,34
20531,164042,5
20531,155062,3
20531,154122,5
20531,102707,7
20531,28393,3
20531,28267,3
20531,26903,3
20531,25768,3
20531,25588,5
20531,25100,15
20531,24817,21
20531,24702,5
20531,24142,4
20531,24025,11
20531,23894,6
20531,23529,7
20531,23220,4
20531,23022,3
20531,22809,4
20531,22632,4
20531,22532,6
20531,22307,8
20531,21892,7
20531,21830,8
20531,20506,16
20531,20485,3
20531,20170,11
20531,19321,27
20531,18931,4
20531,18886,9
20531,18637,26
20531,18617,22
20531,18435,5
20531,18385,3
20531,18384,4
20531,18367,22
20531,17410,10
20531,16610,9
20531,15979,24
20531,15970,3
20531,15751,19
20531,15696,6
20531,15626,7
20531,15125,10
20531,13146,3
20531,12752,12
20531,12469,6
20531,11917,7
20531,10764,24
22341,174427,27
22341,166827,14
22341,159900,4
22341,159288,3
22341,154996,19
22341,102018,5
22341,101025,3
22341,40030,3
22341,30035,3
22341,29789,5
22341,29564,3
22341,28627,14
22341,27395,17
22341,26584,7
22341,25768,5
22341,25588,28
22341,25100,4
22341,25076,3
22341,24702,13
22341,24402,4
22341,24328,4
22341,24025,4
22341,23529,30
22341,23286,5
22341,23164,8
22341,22809,3
22341,22632,11
22341,22307,3
22341,22191,6
22341,21892,20
22341,21841,5
22341,21686,33
22341,21631,3
22341,21620,4
22341,21504,38
22341,20993,7
22341,20528,5
22341,20506,3
22341,20401,6
22341,20170,28
22341,19461,11
22341,18617,14
22341,18384,17
22341,18367,5
22341,18200,6
22341,17801,4
22341,17554,6
22341,17535,12
22341,17392,3
22341,17273,4
22341,17058,4
22341,16610,35
22341,16512,3
22341,16155,14
22341,16122,3
22341,15979,17
22341,15697,6
22341,15187,17
22341,15125,10
22341,14590,3
22341,14026,4
22341,13146,25
22341,12935,5
22341,12752,7
22341,12452,20
22341,12399,3
22341,12228,115
22341,12092,4
22341,11917,31
22341,10823,3
22498,40030,4
22498,26710,7
22498,25768,8
22498,25470,6
22498,22532,5
22498,22191,8
22498,21498,5
22498,20164,17
22498,18736,4
22498,18680,4
22498,18211,20
22498,17410,16
22498,17273,10
22498,16622,7
22498,16247,5
22498,15751,5
22498,15696,5
22498,15435,58
22498,15433,11
22498,15390,5
22498,14029,5
22498,14026,7
22498,13799,4
22498,13678,4
22498,13667,10
22498,13593,7
22498,13497,3
22498,13353,3
22498,13206,9
22498,12954,14
22498,12785,6
22498,12312,34
22498,11066,4
22498,10755,27
22498,10611,28
22573,163855,8
22573,159288,8
22573,159205,3
22573,26710,9
22573,26198,3
22573,25768,4
22573,25585,5
22573,24649,4
22573,23561,3
22573,23286,7
22573,22489,3
22573,22417,4
22573,22191,21
22573,20506,3
22573,20170,19
22573,18816,21
22573,18736,6
22573,17273,16
22573,16622,20
22573,16139,4
22573,15435,3
22573,15411,3
22573,14732,3
22573,14590,10
22573,14026,11
22573,13678,9
22573,13667,18
22573,13593,7
22573,13497,10
22573,13353,4
22573,13288,4
22573,13028,7
22573,12954,30
22573,12785,12
22573,12312,40
22573,10755,3
22573,10668,3
22573,10468,6
22802,166827,14
22802,154056,7
22802,40030,3
22802,25768,5
22802,25588,4
22802,25470,22
22802,23286,6
22802,22532,10
22802,22489,3
22802,21892,5
22802,21504,7
22802,21498,9
22802,20164,18
22802,18367,6
22802,18211,14
22802,17631,5
22802,17410,12
22802,16622,7
22802,16610,11
22802,16247,10
22802,15922,4
22802,15751,15
22802,15696,13
22802,15435,22
22802,15433,14
22802,13799,5
22802,13667,4
22802,13593,3
22802,13435,3
22802,13288,6
22802,13206,4
22802,12316,11
22802,12312,10
22802,10755,12
22802,10611,30
23352,164042,3
23352,159206,3
23352,157193,10
23352,154880,10
23352,153640,3
23352,45116,5
23352,29631,6
23352,28393,4
23352,27950,3
23352,24483,7
23352,24455,3
23352,22641,10
23352,22618,9
23352,22406,12
23352,22328,9
23352,22196,6
23352,20573,13
23352,20426,4
23352,20199,4
23352,19368,8
23352,19157,19
23352,19116,8
23352,19033,7
23352,18886,3
23352,18385,4
23352,18247,3
23352,17704,15
23352,17607,8
23352,16778,10
23352,16349,11
23352,16121,4
23352,15910,3
23352,15880,9
23352,15483,10
23352,14580,3
23352,13503,4
23352,13339,3
23352,13148,3
23352,12785,4
23352,12752,4
23352,11344,17
26237,169911,5
26237,164112,6
26237,164042,4
26237,159900,4
26237,159206,8
26237,156686,3
26237,154886,5
26237,154207,5
26237,29631,5
26237,29564,6
26237,28235,4
26237,27950,3
26237,25261,4
26237,23027,3
26237,21131,12
26237,20528,6
26237,20199,13
26237,18931,4
26237,15910,3
26237,15483,4
26237,15125,4
26237,14580,4
26237,13756,6
26237,13612,9
26237,13538,4
26237,13339,9
26237,13224,4
26237,13148,5
28199,157443,14
28199,37455,3
28199,25470,23
28199,21064,4
28199,17273,7
28199,15922,9
28199,15435,6
28199,14029,24
28199,13593,6
28199,13497,4
28199,12337,4
28199,12312,13
28199,11563,4
28199,10755,10
28199,10611,11
28199,10468,9
30797,174427,4
30797,164554,7
30797,159288,6
30797,102708,7
30797,102018,6
30797,30232,3
30797,29789,6
30797,29431,4
30797,29350,6
30797,28267,4
30797,25100,8
30797,25076,3
30797,24817,13
30797,24025,3
30797,23894,7
30797,22632,15
30797,21892,5
30797,21841,5
30797,21620,4
30797,20376,4
30797,19461,8
30797,19321,13
30797,18617,5
30797,18384,6
30797,18200,3
30797,17554,8
30797,17392,12
30797,15979,10
30797,15751,3
30797,15626,9
30797,15187,8
30797,14440,4
30797,14345,3
30797,14308,9
30797,11702,9
30797,11563,10
30797,10764,4
41742,174427,35
41742,166827,5
41742,164554,6
41742,159900,3
41742,155062,4
41742,154122,3
41742,103483,4
41742,102708,5
41742,102707,12
41742,28627,4
41742,28267,3
41742,28235,4
41742,26903,3
41742,26084,10
41742,25588,19
41742,25261,6
41742,25100,12
41742,24817,6
41742,24328,4
41742,24151,6
41742,24025,10
41742,23894,5
41742,23529,25
41742,23220,3
41742,23164,4
41742,22809,3
41742,22632,3
41742,22307,11
41742,22191,4
41742,21892,14
41742,21686,5
41742,21677,3
41742,21620,4
41742,21504,14
41742,20528,5
41742,20506,3
41742,20376,7
41742,20276,4
41742,20269,3
41742,20170,19
41742,19461,3
41742,19433,3
41742,18886,8
41742,18729,4
41742,18637,3
41742,18617,15
41742,18384,3
41742,18367,3
41742,17801,9
41742,17058,11
41742,16610,16
41742,16155,10
41742,15979,38
41742,15751,5
41742,15187,13
41742,15125,12
41742,14132,4
41742,13682,10
41742,13146,46
41742,12752,4
41742,12452,22
41742,12228,18
41742,11917,29
41742,10764,6
41932,163855,3
41932,162783,3
41932,154886,6
41932,154880,5
41932,153640,5
41932,40514,3
41932,24483,15
41932,23041,4
41932,22641,16
41932,22618,6
41932,22406,10
41932,22354,11
41932,22246,4
41932,21430,6
41932,20573,5
41932,20462,20
41932,20199,9
41932,20131,7
41932,20102,4
41932,19157,8
41932,19116,3
41932,18952,4
41932,18247,5
41932,16778,3
41932,16349,5
41932,16139,4
41932,15656,6
41932,14132,6
41932,14026,3
41932,12312,3
52515,163855,9
52515,159288,4
52515,152391,5
52515,40030,5
52515,37455,4
52515,26710,24
52515,26584,12
52515,26198,7
52515,25992,5
52515,25848,6
52515,25768,4
52515,25588,8
52515,25585,9
52515,24068,3
52515,23954,8
52515,23725,3
52515,23561,3
52515,23286,5
52515,22417,5
52515,22191,17
52515,21504,4
52515,20401,6
52515,20170,34
52515,18736,7
52515,18680,5
52515,17285,3
52515,17273,21
52515,16622,48
52515,16122,14
52515,15411,6
52515,15132,7
52515,14590,10
52515,14026,11
52515,13678,11
52515,13667,4
52515,13497,8
52515,13353,4
52515,13288,11
52515,12954,25
52515,12312,28
52515,12011,3
52515,11066,9
52515,10668,8
52515,10468,20
52515,10334,3
76604,174427,6
76604,164554,8
76604,163855,5
76604,159900,11
76604,159206,3
76604,156686,11
76604,154207,3
76604,153640,3
76604,152391,3
76604,103483,7
76604,29564,9
76604,28627,4
76604,28235,6
76604,26781,5
76604,26583,3
76604,26233,4
76604,25352,4
76604,25261,18
76604,25247,3
76604,25100,8
76604,24328,3
76604,23529,18
76604,22354,10
76604,21677,3
76604,21620,4
76604,21131,5
76604,20993,5
76604,20726,5
76604,20528,12
76604,20376,4
76604,20276,3
76604,20199,7
76604,20170,7
76604,19433,15
76604,18886,8
76604,18816,6
76604,18477,6
76604,17801,11
76604,17607,3
76604,17554,3
76604,17527,10
76604,17058,14
76604,16349,7
76604,16105,4
76604,15483,3
76604,15435,4
76604,15125,11
76604,14029,3
76604,13756,4
76604,13612,6
76604,13146,55
76604,12935,10
76604,12452,15
76604,12312,6
76604,11917,5
14967,155062,12
14967,153286,5
14967,31366,5
14967,26842,4
14967,21952,6
14967,20334,4
14967,20276,9
14967,19116,3
14967,18952,16
14967,18931,4
14967,18555,3
14967,17516,10
14967,13799,5
14967,13667,3
14967,13593,19
14967,13435,52
14967,13288,3
14967,13224,3
14967,12785,13
14967,12011,15
14967,10755,15
22555,40030,14
22555,26710,3
22555,25992,3
22555,25470,3
22555,24602,4
22555,23954,7
22555,22150,3
22555,21504,3
22555,20401,8
22555,19851,3
22555,19454,3
22555,19386,6
22555,19342,4
22555,17516,4
22555,17273,3
22555,17119,17
22555,16263,6
22555,16166,13
22555,15990,18
22555,15850,6
22555,15696,6
22555,14224,5
22555,14029,53
22555,13224,3
22555,12316,11
22555,12312,3
22555,12216,3
22555,12092,6
22555,11702,7
22555,10611,4
22555,10451,4
22555,10334,3
18193,100988,6
18193,26710,10
18193,26198,3
18193,25470,7
18193,22191,15
18193,20401,8
18193,17273,7
18193,16622,3
18193,16263,16
18193,16122,3
18193,15922,4
18193,15435,3
18193,15132,7
18193,14029,15
18193,13593,6
18193,13497,3
18193,13288,3
18193,12312,30
18193,10755,12
18193,10668,13
18193,10468,7
18903,163855,4
18903,159206,14
18903,156848,3
18903,156686,3
18903,154886,3
18903,154880,5
18903,154207,6
18903,32829,4
18903,30487,7
18903,28235,8
18903,25261,3
18903,25247,3
18903,24455,6
18903,24328,3
18903,22354,7
18903,21677,6
18903,21131,3
18903,20726,11
18903,20528,3
18903,18816,7
18903,18477,4
18903,16349,3
18903,15979,4
18903,15697,14
18903,15483,7
18903,14590,3
18903,13756,10
18903,13612,16
18903,13146,3
19948,159683,3
19948,159206,5
19948,157193,8
19948,156848,3
19948,154880,4
19948,45116,7
19948,29789,6
19948,29631,3
19948,22618,11
19948,22406,5
19948,22307,3
19948,20334,5
19948,20276,10
19948,20170,11
19948,20133,4
19948,19433,4
19948,19368,7
19948,18886,3
19948,18816,10
19948,18729,10
19948,18514,3
19948,18385,7
19948,18247,8
19948,15880,5
19948,15483,18
19948,15125,5
19948,14580,4
19948,13661,3
19948,13573,7
19948,12785,8
20541,159900,5
20541,159206,6
20541,154880,5
20541,154207,3
20541,152682,4
20541,32829,5
20541,30487,6
20541,30232,3
20541,29564,3
20541,28235,9
20541,26781,5
20541,26583,7
20541,25261,7
20541,25247,3
20541,22354,3
20541,21677,6
20541,20726,5
20541,20170,3
20541,18816,3
20541,18477,6
20541,17855,8
20541,17801,6
20541,17527,14
20541,15697,14
20541,15483,7
20541,14590,5
20541,13756,17
20541,13612,18
20541,13339,3
20541,13146,9
31032,164042,3
31032,159206,8
31032,157193,7
31032,156686,6
31032,154880,3
31032,154207,3
31032,153640,5
31032,102708,3
31032,45116,5
31032,29789,3
31032,29631,7
31032,29564,3
31032,28393,10
31032,28235,3
31032,27950,4
31032,24455,3
31032,22354,4
31032,22328,4
31032,21726,3
31032,21677,4
31032,20993,5
31032,20573,4
31032,20426,6
31032,20199,9
31032,20133,4
31032,19433,3
31032,19368,4
31032,19157,9
31032,19116,3
31032,19033,7
31032,18886,5
31032,18816,9
31032,18514,3
31032,18385,4
31032,18247,6
31032,17704,15
31032,17607,15
31032,16778,9
31032,16349,8
31032,16121,6
31032,15483,6
31032,15125,3
31032,14580,5
31032,13756,3
31032,13503,11
31032,13339,3
31032,13146,4
31032,11344,7
31032,10764,4
102017,163855,3
102017,159900,3
102017,157193,14
102017,154207,6
102017,103483,11
102017,45116,5
102017,29631,5
102017,28393,10
102017,27950,14
102017,26583,3
102017,25261,5
102017,24455,4
102017,24328,6
102017,23894,5
102017,23529,5
102017,22307,4
102017,21600,3
102017,20573,6
102017,20334,7
102017,19433,6
102017,19116,5
102017,18886,4
102017,18816,13
102017,18385,4
102017,17801,3
102017,17704,8
102017,17527,6
102017,16778,8
102017,16349,7
102017,16121,9
102017,15483,8
102017,15435,4
102017,15125,6
102017,14029,3
102017,13573,3
102017,13503,3
102017,13146,12
102017,12785,3
102017,12752,3
102017,12452,4
102017,11344,4
102017,10764,10
53181849341,164554,8
53181849341,163855,8
53181849341,159900,8
53181849341,159288,3
53181849341,152391,12
53181849341,103483,8
53181849341,102942,4
53181849341,36128,9
53181849341,30232,4
53181849341,30035,3
53181849341,29817,10
53181849341,28684,5
53181849341,28235,3
53181849341,27395,11
53181849341,26781,11
53181849341,26584,3
53181849341,26414,14
53181849341,26304,9
53181849341,26295,3
53181849341,25588,3
53181849341,25585,5
53181849341,25261,6
53181849341,25247,8
53181849341,25100,3
53181849341,25076,3
53181849341,24328,7
53181849341,23767,4
53181849341,23529,6
53181849341,23286,4
53181849341,23164,13
53181849341,22191,7
53181849341,20726,3
53181849341,20528,8
53181849341,20199,4
53181849341,20170,49
53181849341,19606,6
53181849341,18617,3
53181849341,18232,3
53181849341,17801,18
53181849341,17527,15
53181849341,17273,4
53181849341,17058,3
53181849341,16610,5
53181849341,16512,3
53181849341,15697,9
53181849341,15125,4
53181849341,14632,13
53181849341,14590,3
53181849341,14029,4
53181849341,13756,3
53181849341,13612,5
53181849341,13497,3
53181849341,13146,27
53181849341,12935,10
53181849341,12452,7
53181849341,12228,8
53181849341,12092,3
53181849341,11026,7
53181849341,10823,9
23850,163855,5
23850,159205,15
23850,30487,3
23850,26295,4
23850,25992,3
23850,25585,5
23850,23115,3
23850,20170,3
23850,19454,4
23850,18736,7
23850,15697,4
23850,15132,3
23850,14590,10
23850,12954,11
23850,12312,14
23850,10699,15
23850,10668,3
23850,10632,3
23850,10468,6
23850,10294,3
27763,166827,4
27763,156686,3
27763,102018,3
27763,30748,4
27763,24817,4
27763,24241,4
27763,24151,5
27763,24025,5
27763,23894,8
27763,22632,9
27763,21892,6
27763,21686,12
27763,21498,6
27763,20506,3
27763,20462,3
27763,20376,3
27763,19461,3
27763,19321,5
27763,19226,7
27763,18637,3
27763,18617,4
27763,18384,5
27763,18367,5
27763,17421,3
27763,17410,6
27763,17392,4
27763,15751,8
27763,15696,3
27763,15626,6
27763,15433,12
27763,14308,10
27763,11702,3
27763,11563,4
27763,10764,32
177539,174427,12
177539,164554,7
177539,164112,3
177539,159900,6
177539,154996,20
177539,154207,4
177539,152391,13
177539,103483,12
177539,30232,4
177539,30035,4
177539,29817,12
177539,29564,3
177539,28684,3
177539,28627,14
177539,28235,5
177539,27395,6
177539,26781,3
177539,26304,9
177539,25588,6
177539,25261,11
177539,24328,13
177539,23767,6
177539,23529,17
177539,23286,3
177539,23164,12
177539,22417,4
177539,22191,6
177539,21686,3
177539,21620,4
177539,21504,5
177539,20993,8
177539,20528,15
177539,20376,3
177539,20170,26
177539,19606,3
177539,18617,4
177539,18232,3
177539,17801,9
177539,17535,7
177539,17527,6
177539,17058,8
177539,16610,14
177539,16512,5
177539,16155,4
177539,15697,11
177539,15125,4
177539,14632,12
177539,13146,43
177539,12935,7
177539,12452,18
177539,12312,3
177539,12228,50
177539,11917,13
177539,11026,8
177539,10823,3
30491,174427,4
30491,167360,7
30491,166827,16
30491,155062,7
30491,154122,5
30491,102707,12
30491,101025,3
30491,29350,6
30491,28267,7
30491,26903,4
30491,25768,5
30491,25588,11
30491,25219,3
30491,25100,10
30491,24817,16
30491,24702,4
30491,24241,7
30491,24151,5
30491,24025,13
30491,23894,9
30491,23767,4
30491,23529,9
30491,23022,6
30491,22632,28
30491,22532,7
30491,21892,12
30491,21686,16
30491,21677,3
30491,21504,19
30491,20506,21
30491,20376,4
30491,20170,21
30491,19321,13
30491,18931,4
30491,18886,11
30491,18637,14
30491,18617,9
30491,18435,7
30491,18384,7
30491,18367,16
30491,17554,6
30491,17421,4
30491,17410,4
30491,17058,3
30491,16610,19
30491,16155,4
30491,15979,13
30491,15751,22
30491,15626,12
30491,15433,4
30491,15125,3
30491,13146,8
30491,12752,6
30491,12469,8
30491,12228,4
30491,11917,8
30491,10823,3
30491,10764,25
23808,174427,4
23808,164554,7
23808,159900,8
23808,159206,5
23808,157193,11
23808,156848,6
23808,154880,7
23808,154207,7
23808,154122,3
23808,103483,4
23808,29564,9
23808,28393,5
23808,28235,8
23808,27950,18
23808,26781,5
23808,26583,4
23808,26233,3
23808,25261,16
23808,24402,3
23808,23529,8
23808,22354,6
23808,22307,3
23808,21677,11
23808,21131,6
23808,20993,5
23808,20528,10
23808,20426,3
23808,20199,3
23808,20170,9
23808,20133,4
23808,19433,20
23808,18886,3
23808,18816,19
23808,18477,4
23808,18385,4
23808,17801,14
23808,17607,7
23808,17527,16
23808,17058,5
23808,15483,3
23808,15435,3
23808,15125,15
23808,13756,17
23808,13612,3
23808,13146,34
23808,12935,8
23808,12752,3
23808,12452,3
23808,12312,4
23808,11917,6
